date,close
2011-01-04,16.06
2011-01-05,15.57
2011-01-06,15.71
2011-01-07,15.01
2011-01-10,15.81
2011-01-11,14.93
2011-01-12,14.82
2011-01-13,14.92
2011-01-14,14.30
2011-01-18,16.34
2011-01-19,17.74
2011-01-20,16.98
2011-01-21,17.32
2011-01-24,17.38
2011-01-25,17.75
2011-01-26,16.27
2011-01-27,15.07
2011-01-28,21.25
2011-01-31,20.50
2011-02-01,17.21
2011-02-02,16.83
2011-02-03,15.38
2011-02-04,14.19
2011-02-07,15.33
2011-02-08,14.56
2011-02-09,14.30
2011-02-10,14.53
2011-02-11,14.79
2011-02-14,16.16
2011-02-15,16.58
2011-02-16,16.87
2011-02-17,15.81
2011-02-18,14.92
2011-02-22,22.09
2011-02-23,22.77
2011-02-24,21.51
2011-02-25,18.47
2011-02-28,18.30
2011-03-01,21.59
2011-03-02,20.78
2011-03-03,16.85
2011-03-04,17.69
2011-03-07,20.97
2011-03-08,19.34
2011-03-09,19.93
2011-03-10,22.89
2011-03-11,19.40
2011-03-14,21.93
2011-03-15,25.90
2011-03-16,31.04
2011-03-17,28.62
2011-03-18,25.31
2011-03-21,21.02
2011-03-22,20.17
2011-03-23,19.06
2011-03-24,17.42
2011-03-25,17.49
2011-03-28,19.84
2011-03-29,17.46
2011-03-30,16.98
2011-03-31,16.31
2011-04-01,15.15
2011-04-04,16.72
2011-04-05,15.81
2011-04-06,15.21
2011-04-07,15.93
2011-04-08,17.21
2011-04-11,18.39
2011-04-12,18.93
2011-04-13,17.97
2011-04-14,15.99
2011-04-15,14.28
2011-04-18,17.63
2011-04-19,15.91
2011-04-20,15.04
2011-04-21,13.03
2011-04-25,15.05
2011-04-26,15.16
2011-04-27,14.61
2011-04-28,12.81
2011-04-29,13.09
2011-05-02,15.16
2011-05-03,15.71
2011-05-04,16.37
2011-05-05,18.87
2011-05-06,18.89
2011-05-09,16.56
2011-05-10,14.58
2011-05-11,16.80
2011-05-12,15.10
2011-05-13,17.13
2011-05-16,19.71
2011-05-17,18.33
2011-05-18,16.25
2011-05-19,14.92
2011-05-20,18.10
2011-05-23,18.87
2011-05-24,17.87
2011-05-25,16.83
2011-05-26,14.62
2011-05-27,14.79
2011-05-31,14.89
2011-06-01,19.10
2011-06-02,18.93
2011-06-03,17.99
2011-06-06,19.35
2011-06-07,18.41
2011-06-08,19.02
2011-06-09,18.11
2011-06-10,18.92
2011-06-13,20.28
2011-06-14,18.44
2011-06-15,22.03
2011-06-16,24.63
2011-06-17,23.13
2011-06-20,20.74
2011-06-21,20.18
2011-06-22,18.64
2011-06-23,20.07
2011-06-24,22.47
2011-06-27,21.99
2011-06-28,19.83
2011-06-29,16.96
2011-06-30,15.14
2011-07-01,15.29
2011-07-05,15.85
2011-07-06,15.66
2011-07-07,15.29
2011-07-08,15.56
2011-07-11,20.14
2011-07-12,21.50
2011-07-13,20.65
2011-07-14,22.19
2011-07-15,19.82
2011-07-18,22.13
2011-07-19,19.69
2011-07-20,19.75
2011-07-21,17.54
2011-07-22,16.96
2011-07-25,20.40
2011-07-26,20.83
2011-07-27,24.41
2011-07-28,27.52
2011-07-29,30.35
2011-08-01,26.85
2011-08-02,27.78
2011-08-03,24.70
2011-08-04,39.89
2011-08-05,37.58
2011-08-08,68.00
2011-08-09,43.38
2011-08-10,56.66
2011-08-11,46.98
2011-08-12,38.41
2011-08-15,32.94
2011-08-16,33.09
2011-08-17,31.22
2011-08-18,46.55
2011-08-19,47.41
2011-08-22,44.57
2011-08-23,37.81
2011-08-24,37.43
2011-08-25,44.08
2011-08-26,36.34
2011-08-29,33.39
2011-08-30,34.67
2011-08-31,32.33
2011-09-01,31.78
2011-09-02,31.94
2011-09-06,39.24
2011-09-07,32.44
2011-09-08,34.41
2011-09-09,40.42
2011-09-12,40.45
2011-09-13,37.63
2011-09-14,35.03
2011-09-15,32.79
2011-09-16,32.52
2011-09-19,34.60
2011-09-20,34.49
2011-09-21,37.76
2011-09-22,43.49
2011-09-23,42.66
2011-09-26,40.17
2011-09-27,38.93
2011-09-28,42.81
2011-09-29,39.79
2011-09-30,43.73
2011-10-03,48.64
2011-10-04,41.47
2011-10-05,37.58
2011-10-06,34.96
2011-10-07,33.62
2011-10-10,31.30
2011-10-11,30.01
2011-10-12,29.02
2011-10-13,27.71
2011-10-14,26.49
2011-10-17,33.95
2011-10-18,32.21
2011-10-19,34.70
2011-10-20,36.70
2011-10-21,32.15
2011-10-24,30.19
2011-10-25,33.57
2011-10-26,30.33
2011-10-27,24.95
2011-10-28,23.03
2011-10-31,30.88
2011-11-01,36.72
2011-11-02,33.06
2011-11-03,29.50
2011-11-04,28.43
2011-11-07,28.39
2011-11-08,24.57
2011-11-09,38.14
2011-11-10,32.13
2011-11-11,28.03
2011-11-14,31.23
2011-11-15,31.57
2011-11-16,34.12
2011-11-17,32.62
2011-11-18,30.26
2011-11-21,33.34
2011-11-22,31.03
2011-11-23,33.60
2011-11-25,33.95
2011-11-28,31.88
2011-11-29,30.40
2011-11-30,27.43
2011-12-01,27.00
2011-12-02,27.78
2011-12-05,28.84
2011-12-06,28.50
2011-12-07,30.19
2011-12-08,31.62
2011-12-09,24.44
2011-12-12,25.99
2011-12-13,25.63
2011-12-14,25.62
2011-12-15,24.07
2011-12-16,22.76
2011-12-19,23.16
2011-12-20,21.55
2011-12-21,20.62
2011-12-22,19.72
2011-12-23,17.81
2011-12-27,20.60
2011-12-28,22.42
2011-12-29,19.42
2011-12-30,19.36
2012-01-03,20.63
2012-01-04,19.32
2012-01-05,18.25
2012-01-06,17.01
2012-01-09,17.61
2012-01-10,17.48
2012-01-11,17.12
2012-01-12,16.65
2012-01-13,17.69
2012-01-17,22.07
2012-01-18,20.67
2012-01-19,17.41
2012-01-20,16.12
2012-01-23,18.12
2012-01-24,18.08
2012-01-25,17.36
2012-01-26,16.40
2012-01-27,16.63
2012-01-30,18.47
2012-01-31,18.44
2012-02-01,16.87
2012-02-02,15.78
2012-02-03,15.34
2012-02-06,16.64
2012-02-07,16.11
2012-02-08,16.33
2012-02-09,16.56
2012-02-10,19.66
2012-02-13,18.45
2012-02-14,19.23
2012-02-15,21.26
2012-02-16,17.12
2012-02-17,16.23
2012-02-21,17.44
2012-02-22,17.09
2012-02-23,14.83
2012-02-24,15.09
2012-02-27,16.94
2012-02-28,16.57
2012-02-29,16.85
2012-03-01,15.06
2012-03-02,14.44
2012-03-05,15.98
2012-03-06,20.10
2012-03-07,17.37
2012-03-08,16.98
2012-03-09,15.30
2012-03-12,15.54
2012-03-13,16.35
2012-03-14,16.72
2012-03-15,14.29
2012-03-16,13.47
2012-03-19,14.62
2012-03-20,15.31
2012-03-21,15.37
2012-03-22,15.90
2012-03-23,14.33
2012-03-26,14.30
2012-03-27,15.43
2012-03-28,14.93
2012-03-29,14.55
2012-03-30,14.20
2012-04-02,14.77
2012-04-03,14.36
2012-04-04,12.92
2012-04-05,14.70
2012-04-09,17.87
2012-04-10,19.84
2012-04-11,18.69
2012-04-12,15.99
2012-04-13,19.07
2012-04-16,20.13
2012-04-17,18.84
2012-04-18,18.85
2012-04-19,18.09
2012-04-20,16.85
2012-04-23,19.10
2012-04-24,17.87
2012-04-25,16.14
2012-04-26,14.70
2012-04-27,14.65
2012-04-30,16.55
2012-05-01,15.63
2012-05-02,16.23
2012-05-03,16.94
2012-05-04,18.42
2012-05-07,18.46
2012-05-08,19.09
2012-05-09,20.24
2012-05-10,18.64
2012-05-11,20.19
2012-05-14,22.56
2012-05-15,22.63
2012-05-16,22.41
2012-05-17,25.44
2012-05-18,26.60
2012-05-21,21.93
2012-05-22,22.03
2012-05-23,21.75
2012-05-24,19.22
2012-05-25,19.21
2012-05-29,19.48
2012-05-30,23.39
2012-05-31,22.41
2012-06-01,26.20
2012-06-04,24.67
2012-06-05,23.17
2012-06-06,19.31
2012-06-07,19.62
2012-06-08,19.85
2012-06-11,26.39
2012-06-12,24.22
2012-06-13,26.19
2012-06-14,25.22
2012-06-15,24.32
2012-06-18,19.17
2012-06-19,19.53
2012-06-20,17.44
2012-06-21,20.92
2012-06-22,17.94
2012-06-25,20.40
2012-06-26,18.74
2012-06-27,17.12
2012-06-28,18.14
2012-06-29,15.01
2012-07-02,15.11
2012-07-03,14.68
2012-07-05,15.78
2012-07-06,15.01
2012-07-09,17.13
2012-07-10,18.10
2012-07-11,17.26
2012-07-12,18.01
2012-07-13,14.70
2012-07-16,16.53
2012-07-17,15.63
2012-07-18,15.00
2012-07-19,14.32
2012-07-20,15.61
2012-07-23,19.02
2012-07-24,21.16
2012-07-25,19.31
2012-07-26,17.80
2012-07-27,16.30
2012-07-30,18.86
2012-07-31,19.86
2012-08-01,20.79
2012-08-02,16.64
2012-08-03,14.20
2012-08-06,14.85
2012-08-07,14.68
2012-08-08,13.52
2012-08-09,13.00
2012-08-10,12.45
2012-08-13,13.15
2012-08-14,13.02
2012-08-15,12.37
2012-08-16,12.35
2012-08-17,11.50
2012-08-20,12.24
2012-08-21,13.21
2012-08-22,13.15
2012-08-23,13.67
2012-08-24,13.10
2012-08-27,14.89
2012-08-28,15.21
2012-08-29,15.29
2012-08-30,16.87
2012-08-31,15.73
2012-09-04,17.43
2012-09-05,17.90
2012-09-06,14.98
2012-09-07,13.25
2012-09-10,16.94
2012-09-11,16.94
2012-09-12,15.95
2012-09-13,14.46
2012-09-14,14.12
2012-09-17,14.10
2012-09-18,13.44
2012-09-19,13.07
2012-09-20,12.89
2012-09-21,13.22
2012-09-24,13.23
2012-09-25,14.80
2012-09-26,16.44
2012-09-27,14.05
2012-09-28,15.24
2012-10-01,15.63
2012-10-02,14.56
2012-10-03,14.11
2012-10-04,13.43
2012-10-05,12.23
2012-10-08,14.17
2012-10-09,15.98
2012-10-10,15.93
2012-10-11,14.47
2012-10-12,15.49
2012-10-15,14.32
2012-10-16,13.57
2012-10-17,13.22
2012-10-18,13.65
2012-10-19,17.64
2012-10-22,16.78
2012-10-23,20.61
2012-10-24,18.94
2012-10-25,18.27
2012-10-26,16.80
2012-10-31,19.15
2012-11-01,17.35
2012-11-02,18.51
2012-11-05,20.45
2012-11-06,19.30
2012-11-07,19.87
2012-11-08,18.18
2012-11-09,18.50
2012-11-12,16.27
2012-11-13,16.25
2012-11-14,18.67
2012-11-15,18.93
2012-11-16,17.06
2012-11-19,15.57
2012-11-20,15.24
2012-11-21,15.33
2012-11-23,15.25
2012-11-26,16.01
2012-11-27,16.12
2012-11-28,15.72
2012-11-29,15.20
2012-11-30,15.81
2012-12-03,17.10
2012-12-04,17.19
2012-12-05,15.98
2012-12-06,15.95
2012-12-07,15.25
2012-12-10,15.16
2012-12-11,15.21
2012-12-12,15.26
2012-12-13,15.77
2012-12-14,16.49
2012-12-17,16.57
2012-12-18,16.22
2012-12-19,18.47
2012-12-20,19.04
2012-12-21,18.20
2012-12-24,20.12
2012-12-26,21.48
2012-12-27,21.68
2012-12-28,26.93
2012-12-31,20.27
2013-01-02,12.94
2013-01-03,13.30
2013-01-04,11.62
2013-01-07,11.99
2013-01-08,11.76
2013-01-09,11.60
2013-01-10,11.17
2013-01-11,11.22
2013-01-14,12.15
2013-01-15,12.05
2013-01-16,11.83
2013-01-17,12.39
2013-01-18,10.90
2013-01-22,11.21
2013-01-23,11.04
2013-01-24,11.12
2013-01-25,11.63
2013-01-28,13.01
2013-01-29,13.16
2013-01-30,14.24
2013-01-31,14.03
2013-02-01,10.85
2013-02-04,14.25
2013-02-05,12.78
2013-02-06,12.04
2013-02-07,12.03
2013-02-08,11.38
2013-02-11,11.86
2013-02-12,11.05
2013-02-13,11.09
2013-02-14,10.81
2013-02-15,10.79
2013-02-19,11.43
2013-02-20,15.36
2013-02-21,16.01
2013-02-22,14.58
2013-02-25,21.87
2013-02-26,18.11
2013-02-27,14.91
2013-02-28,15.99
2013-03-01,14.55
2013-03-04,12.93
2013-03-05,12.54
2013-03-06,12.22
2013-03-07,11.69
2013-03-08,10.77
2013-03-11,11.25
2013-03-12,12.48
2013-03-13,11.42
2013-03-14,11.08
2013-03-15,10.50
2013-03-18,13.46
2013-03-19,14.84
2013-03-20,13.65
2013-03-21,16.01
2013-03-22,15.23
2013-03-25,14.22
2013-03-26,11.75
2013-03-27,12.29
2013-03-28,11.03
2013-04-01,12.97
2013-04-02,11.62
2013-04-03,14.30
2013-04-04,13.62
2013-04-05,13.59
2013-04-08,13.15
2013-04-09,12.42
2013-04-10,11.47
2013-04-11,11.05
2013-04-12,11.37
2013-04-15,20.67
2013-04-16,14.41
2013-04-17,18.77
2013-04-18,19.30
2013-04-19,15.25
2013-04-22,14.85
2013-04-23,13.09
2013-04-24,13.32
2013-04-25,13.00
2013-04-26,12.85
2013-04-29,13.50
2013-04-30,13.37
2013-05-01,15.03
2013-05-02,13.03
2013-05-03,11.68
2013-05-06,11.64
2013-05-07,11.73
2013-05-08,11.27
2013-05-09,11.97
2013-05-10,11.15
2013-05-13,13.08
2013-05-14,13.33
2013-05-15,13.63
2013-05-16,13.27
2013-05-17,12.60
2013-05-20,13.14
2013-05-21,13.56
2013-05-22,14.05
2013-05-23,14.07
2013-05-24,13.19
2013-05-28,15.60
2013-05-29,15.76
2013-05-30,14.69
2013-05-31,16.70
2013-06-03,17.24
2013-06-04,16.89
2013-06-05,18.54
2013-06-06,17.25
2013-06-07,14.21
2013-06-10,15.16
2013-06-11,17.47
2013-06-12,19.10
2013-06-13,15.62
2013-06-14,16.90
2013-06-17,17.24
2013-06-18,17.62
2013-06-19,17.62
2013-06-20,23.40
2013-06-21,20.56
2013-06-24,22.32
2013-06-25,18.98
2013-06-26,17.02
2013-06-27,16.10
2013-06-28,15.98
2013-07-01,16.07
2013-07-02,15.56
2013-07-03,15.94
2013-07-05,13.08
2013-07-08,14.22
2013-07-09,13.45
2013-07-10,13.51
2013-07-11,13.04
2013-07-12,12.33
2013-07-15,13.05
2013-07-16,13.62
2013-07-17,12.57
2013-07-18,12.48
2013-07-19,11.61
2013-07-22,11.79
2013-07-23,12.58
2013-07-24,13.13
2013-07-25,12.82
2013-07-26,11.97
2013-07-29,13.23
2013-07-30,13.53
2013-07-31,13.33
2013-08-01,12.25
2013-08-02,10.20
2013-08-05,10.61
2013-08-06,11.80
2013-08-07,11.95
2013-08-08,11.52
2013-08-09,13.23
2013-08-12,13.68
2013-08-13,12.67
2013-08-14,13.28
2013-08-15,16.43
2013-08-16,15.71
2013-08-19,15.49
2013-08-20,14.27
2013-08-21,15.21
2013-08-22,12.99
2013-08-23,11.82
2013-08-26,13.93
2013-08-27,16.04
2013-08-28,15.47
2013-08-29,15.41
2013-08-30,15.87
2013-09-03,15.97
2013-09-04,14.28
2013-09-05,14.38
2013-09-06,14.57
2013-09-09,15.01
2013-09-10,13.35
2013-09-11,12.31
2013-09-12,13.03
2013-09-13,12.60
2013-09-16,14.04
2013-09-17,14.49
2013-09-18,13.40
2013-09-19,12.03
2013-09-20,12.42
2013-09-23,13.97
2013-09-24,13.75
2013-09-25,13.79
2013-09-26,14.12
2013-09-27,16.22
2013-09-30,17.73
2013-10-01,14.67
2013-10-02,15.81
2013-10-03,17.58
2013-10-04,16.62
2013-10-07,20.18
2013-10-08,21.87
2013-10-09,20.39
2013-10-10,17.34
2013-10-11,16.80
2013-10-14,19.10
2013-10-15,23.54
2013-10-16,16.18
2013-10-17,12.93
2013-10-18,12.91
2013-10-21,12.79
2013-10-22,12.73
2013-10-23,12.37
2013-10-24,11.95
2013-10-25,11.59
2013-10-28,12.03
2013-10-29,12.57
2013-10-30,12.98
2013-10-31,12.62
2013-11-01,12.10
2013-11-04,11.81
2013-11-05,12.14
2013-11-06,11.61
2013-11-07,13.19
2013-11-08,11.97
2013-11-11,12.63
2013-11-12,13.02
2013-11-13,12.75
2013-11-14,11.69
2013-11-15,11.16
2013-11-18,11.80
2013-11-19,11.87
2013-11-20,12.03
2013-11-21,10.71
2013-11-22,10.34
2013-11-25,11.52
2013-11-26,11.55
2013-11-27,11.66
2013-11-29,13.59
2013-12-02,14.30
2013-12-03,14.68
2013-12-04,14.71
2013-12-05,15.42
2013-12-06,12.70
2013-12-09,13.52
2013-12-10,14.65
2013-12-11,17.36
2013-12-12,16.61
2013-12-13,17.23
2013-12-16,17.12
2013-12-17,17.06
2013-12-18,12.95
2013-12-19,12.78
2013-12-20,12.73
2013-12-23,12.23
2013-12-24,11.11
2013-12-26,10.92
2013-12-27,11.48
2013-12-30,12.99
2013-12-31,13.75
2014-01-02,13.83
2014-01-03,12.17
2014-01-06,12.51
2014-01-07,11.57
2014-01-08,11.62
2014-01-09,11.75
2014-01-10,9.97
2014-01-13,13.09
2014-01-14,11.31
2014-01-15,10.64
2014-01-16,11.09
2014-01-17,11.46
2014-01-21,12.46
2014-01-22,12.30
2014-01-23,14.21
2014-01-24,20.84
2014-01-27,19.04
2014-01-28,17.29
2014-01-29,19.40
2014-01-30,17.95
2014-01-31,19.32
2014-02-03,23.95
2014-02-04,20.37
2014-02-05,21.30
2014-02-06,18.67
2014-02-07,14.51
2014-02-10,14.22
2014-02-11,13.04
2014-02-12,12.67
2014-02-13,12.06
2014-02-14,10.84
2014-02-18,12.18
2014-02-19,13.90
2014-02-20,13.25
2014-02-21,13.04
2014-02-24,13.55
2014-02-25,12.86
2014-02-26,13.27
2014-02-27,12.42
2014-02-28,13.03
2014-03-03,16.21
2014-03-04,13.22
2014-03-05,12.49
2014-03-06,13.08
2014-03-07,12.74
2014-03-10,13.14
2014-03-11,14.13
2014-03-12,13.85
2014-03-13,17.21
2014-03-14,20.64
2014-03-17,15.87
2014-03-18,14.23
2014-03-19,15.00
2014-03-20,14.22
2014-03-21,14.70
2014-03-24,15.30
2014-03-25,13.87
2014-03-26,15.56
2014-03-27,15.17
2014-03-28,14.41
2014-03-31,13.75
2014-04-01,12.29
2014-04-02,12.13
2014-04-03,12.53
2014-04-04,13.18
2014-04-07,16.08
2014-04-08,14.51
2014-04-09,12.69
2014-04-10,16.50
2014-04-11,17.64
2014-04-14,16.00
2014-04-15,15.03
2014-04-16,13.52
2014-04-17,11.68
2014-04-21,12.99
2014-04-22,12.51
2014-04-23,12.67
2014-04-24,13.27
2014-04-25,13.94
2014-04-28,14.08
2014-04-29,13.63
2014-04-30,12.73
2014-05-01,12.58
2014-05-02,11.23
2014-05-05,12.25
2014-05-06,13.19
2014-05-07,12.82
2014-05-08,12.51
2014-05-09,11.17
2014-05-12,11.20
2014-05-13,10.75
2014-05-14,11.16
2014-05-15,13.35
2014-05-16,11.00
2014-05-19,11.01
2014-05-20,12.21
2014-05-21,10.47
2014-05-22,10.27
2014-05-23,9.49
2014-05-27,10.65
2014-05-28,10.58
2014-05-29,10.31
2014-05-30,9.73
2014-06-02,10.47
2014-06-03,11.01
2014-06-04,11.59
2014-06-05,10.88
2014-06-06,9.25
2014-06-09,9.77
2014-06-10,9.52
2014-06-11,10.45
2014-06-12,11.99
2014-06-13,11.48
2014-06-16,12.54
2014-06-17,12.68
2014-06-18,10.55
2014-06-19,10.07
2014-06-20,10.33
2014-06-23,10.27
2014-06-24,12.01
2014-06-25,11.11
2014-06-26,11.26
2014-06-27,10.65
2014-06-30,11.17
2014-07-01,10.05
2014-07-02,9.42
2014-07-03,8.54
2014-07-07,10.47
2014-07-08,11.64
2014-07-09,10.48
2014-07-10,12.08
2014-07-11,11.15
2014-07-14,10.62
2014-07-15,11.08
2014-07-16,10.26
2014-07-17,16.23
2014-07-18,12.05
2014-07-21,12.95
2014-07-22,11.54
2014-07-23,10.83
2014-07-24,10.88
2014-07-25,11.84
2014-07-28,12.02
2014-07-29,13.47
2014-07-30,13.29
2014-07-31,19.59
2014-08-01,19.01
2014-08-04,14.87
2014-08-05,17.18
2014-08-06,16.25
2014-08-07,16.76
2014-08-08,15.39
2014-08-11,14.84
2014-08-12,14.49
2014-08-13,12.63
2014-08-14,12.29
2014-08-15,14.34
2014-08-18,12.07
2014-08-19,11.00
2014-08-20,10.80
2014-08-21,10.94
2014-08-22,10.08
2014-08-25,10.42
2014-08-26,10.14
2014-08-27,9.89
2014-08-28,10.34
2014-08-29,10.00
2014-09-02,10.32
2014-09-03,10.83
2014-09-04,11.80
2014-09-05,10.27
2014-09-08,12.05
2014-09-09,13.33
2014-09-10,12.74
2014-09-11,12.07
2014-09-12,13.28
2014-09-15,15.27
2014-09-16,13.21
2014-09-17,11.81
2014-09-18,11.05
2014-09-19,10.41
2014-09-22,13.46
2014-09-23,15.60
2014-09-24,12.89
2014-09-25,15.94
2014-09-26,15.04
2014-09-29,16.11
2014-09-30,16.76
2014-10-01,16.72
2014-10-02,15.93
2014-10-03,13.86
2014-10-06,15.31
2014-10-07,16.90
2014-10-08,14.59
2014-10-09,21.62
2014-10-10,21.95
2014-10-13,27.22
2014-10-14,24.61
2014-10-15,31.12
2014-10-16,30.48
2014-10-17,23.81
2014-10-20,19.45
2014-10-21,16.38
2014-10-22,18.36
2014-10-23,16.12
2014-10-24,14.76
2014-10-27,16.09
2014-10-28,14.39
2014-10-29,14.90
2014-10-30,14.00
2014-10-31,13.80
2014-11-03,14.77
2014-11-04,14.81
2014-11-05,13.35
2014-11-06,12.65
2014-11-07,11.13
2014-11-10,11.32
2014-11-11,11.54
2014-11-12,11.39
2014-11-13,11.97
2014-11-14,11.35
2014-11-17,11.42
2014-11-18,11.49
2014-11-19,11.42
2014-11-20,10.91
2014-11-21,10.45
2014-11-24,11.15
2014-11-25,10.81
2014-11-26,11.12
2014-11-28,12.98
2014-12-01,14.63
2014-12-02,12.57
2014-12-03,12.16
2014-12-04,11.88
2014-12-05,10.70
2014-12-08,15.47
2014-12-09,15.27
2014-12-10,21.71
2014-12-11,22.08
2014-12-12,23.82
2014-12-15,21.16
2014-12-16,24.25
2014-12-17,18.04
2014-12-18,14.46
2014-12-19,13.77
2014-12-22,12.70
2014-12-23,11.10
2014-12-24,10.35
2014-12-26,12.09
2014-12-29,12.79
2014-12-30,13.86
2014-12-31,18.95
2015-01-02,16.47
2015-01-05,19.45
2015-01-06,20.53
2015-01-07,17.59
2015-01-08,15.04
2015-01-09,15.20
2015-01-12,18.20
2015-01-13,19.63
2015-01-14,21.23
2015-01-15,23.73
2015-01-16,21.48
2015-01-20,21.94
2015-01-21,20.36
2015-01-22,15.58
2015-01-23,16.08
2015-01-26,14.89
2015-01-27,17.56
2015-01-28,21.78
2015-01-29,18.78
2015-01-30,21.17
2015-02-02,19.39
2015-02-03,16.54
2015-02-04,17.48
2015-02-05,15.31
2015-02-06,14.93
2015-02-09,16.88
2015-02-10,15.20
2015-02-11,14.28
2015-02-12,12.36
2015-02-13,11.76
2015-02-17,13.55
2015-02-18,12.40
2015-02-19,12.34
2015-02-20,11.74
2015-02-23,12.16
2015-02-24,10.94
2015-02-25,11.64
2015-02-26,11.38
2015-02-27,10.60
2015-03-02,10.85
2015-03-03,11.81
2015-03-04,12.28
2015-03-05,12.16
2015-03-06,14.31
2015-03-09,14.20
2015-03-10,16.72
2015-03-11,16.78
2015-03-12,15.04
2015-03-13,15.25
2015-03-16,16.15
2015-03-17,16.72
2015-03-18,13.85
2015-03-19,12.89
2015-03-20,10.73
2015-03-23,12.03
2015-03-24,12.24
2015-03-25,15.28
2015-03-26,15.92
2015-03-27,14.69
2015-03-30,14.31
2015-03-31,15.50
2015-04-01,14.29
2015-04-02,13.91
2015-04-06,14.16
2015-04-07,13.90
2015-04-08,12.80
2015-04-09,11.41
2015-04-10,9.91
2015-04-13,12.49
2015-04-14,11.72
2015-04-15,10.59
2015-04-16,10.74
2015-04-17,12.91
2015-04-20,12.62
2015-04-21,12.58
2015-04-22,11.83
2015-04-23,11.84
2015-04-24,10.86
2015-04-27,12.72
2015-04-28,11.87
2015-04-29,13.26
2015-04-30,15.06
2015-05-01,11.77
2015-05-04,12.01
2015-05-05,14.64
2015-05-06,16.05
2015-05-07,15.59
2015-05-08,11.32
2015-05-11,13.41
2015-05-12,13.82
2015-05-13,13.49
2015-05-14,11.59
2015-05-15,10.77
2015-05-18,11.01
2015-05-19,11.15
2015-05-20,10.48
2015-05-21,9.95
2015-05-22,9.60
2015-05-26,13.32
2015-05-27,11.93
2015-05-28,12.23
2015-05-29,13.67
2015-06-01,13.85
2015-06-02,13.99
2015-06-03,12.70
2015-06-04,15.02
2015-06-05,13.70
2015-06-08,15.89
2015-06-09,15.05
2015-06-10,13.32
2015-06-11,12.38
2015-06-12,14.16
2015-06-15,16.68
2015-06-16,16.29
2015-06-17,15.22
2015-06-18,13.11
2015-06-19,14.32
2015-06-22,13.15
2015-06-23,12.17
2015-06-24,14.81
2015-06-25,15.13
2015-06-26,15.49
2015-06-29,22.56
2015-06-30,20.93
2015-07-01,17.23
2015-07-02,17.97
2015-07-06,16.65
2015-07-07,15.91
2015-07-08,20.96
2015-07-09,22.06
2015-07-10,17.24
2015-07-13,13.32
2015-07-14,12.18
2015-07-15,12.40
2015-07-16,10.35
2015-07-17,9.72
2015-07-20,11.10
2015-07-21,11.32
2015-07-22,11.20
2015-07-23,11.95
2015-07-24,13.05
2015-07-27,16.61
2015-07-28,13.62
2015-07-29,12.18
2015-07-30,11.06
2015-07-31,10.67
2015-08-03,12.12
2015-08-04,12.42
2015-08-05,11.51
2015-08-06,13.66
2015-08-07,13.04
2015-08-10,11.44
2015-08-11,14.13
2015-08-12,14.27
2015-08-13,13.63
2015-08-14,11.77
2015-08-17,11.29
2015-08-18,12.14
2015-08-19,14.34
2015-08-20,20.88
2015-08-21,38.96
2015-08-24,54.61
2015-08-25,44.92
2015-08-26,37.88
2015-08-27,28.89
2015-08-28,27.11
2015-08-31,28.26
2015-09-01,31.21
2015-09-02,24.26
2015-09-03,23.99
2015-09-04,26.88
2015-09-08,24.42
2015-09-09,27.90
2015-09-10,26.11
2015-09-11,23.43
2015-09-14,25.52
2015-09-15,24.62
2015-09-16,23.75
2015-09-17,22.25
2015-09-18,21.78
2015-09-21,19.61
2015-09-22,23.45
2015-09-23,22.46
2015-09-24,24.22
2015-09-25,22.89
2015-09-28,30.26
2015-09-29,28.56
2015-09-30,25.70
2015-10-01,21.93
2015-10-02,19.35
2015-10-05,19.02
2015-10-06,18.19
2015-10-07,16.39
2015-10-08,15.47
2015-10-09,14.27
2015-10-12,14.73
2015-10-13,16.53
2015-10-14,16.90
2015-10-15,13.85
2015-10-16,12.89
2015-10-19,13.87
2015-10-20,15.01
2015-10-21,16.67
2015-10-22,13.10
2015-10-23,13.15
2015-10-26,15.20
2015-10-27,16.31
2015-10-28,14.57
2015-10-29,14.54
2015-10-30,14.31
2015-11-02,13.68
2015-11-03,13.81
2015-11-04,14.76
2015-11-05,14.22
2015-11-06,12.60
2015-11-09,16.39
2015-11-10,14.29
2015-11-11,15.60
2015-11-12,18.39
2015-11-13,20.43
2015-11-16,16.81
2015-11-17,17.02
2015-11-18,13.33
2015-11-19,13.62
2015-11-20,12.40
2015-11-23,14.07
2015-11-24,14.54
2015-11-25,14.35
2015-11-27,14.21
2015-11-30,16.60
2015-12-01,13.99
2015-12-02,15.97
2015-12-03,18.71
2015-12-04,13.65
2015-12-07,16.00
2015-12-08,18.81
2015-12-09,22.07
2015-12-10,20.42
2015-12-11,28.00
2015-12-14,25.78
2015-12-15,23.05
2015-12-16,18.81
2015-12-17,18.88
2015-12-18,19.38
2015-12-21,17.55
2015-12-22,15.06
2015-12-23,13.64
2015-12-24,13.47
2015-12-28,15.79
2015-12-29,14.74
2015-12-30,15.96
2015-12-31,17.52
2016-01-04,21.93
2016-01-05,19.37
2016-01-06,20.60
2016-01-07,26.19
2016-01-08,27.98
2016-01-11,24.21
2016-01-12,22.30
2016-01-13,25.57
2016-01-14,24.63
2016-01-15,29.60
2016-01-19,30.43
2016-01-20,32.85
2016-01-21,29.99
2016-01-22,22.59
2016-01-25,26.04
2016-01-26,24.25
2016-01-27,24.51
2016-01-28,23.40
2016-01-29,19.37
2016-02-01,19.68
2016-02-02,22.19
2016-02-03,22.35
2016-02-04,21.75
2016-02-05,22.96
2016-02-08,26.40
2016-02-09,26.84
2016-02-10,25.53
2016-02-11,27.36
2016-02-12,22.71
2016-02-16,21.81
2016-02-17,20.27
2016-02-18,19.53
2016-02-19,18.22
2016-02-22,18.39
2016-02-23,20.69
2016-02-24,20.72
2016-02-25,17.79
2016-02-26,18.56
2016-02-29,20.36
2016-03-01,17.04
2016-03-02,15.78
2016-03-03,15.91
2016-03-04,15.86
2016-03-07,17.66
2016-03-08,19.17
2016-03-09,18.79
2016-03-10,17.66
2016-03-11,15.20
2016-03-14,15.99
2016-03-15,16.46
2016-03-16,14.07
2016-03-17,13.05
2016-03-18,12.47
2016-03-21,12.77
2016-03-22,13.14
2016-03-23,13.36
2016-03-24,12.35
2016-03-28,14.07
2016-03-29,12.17
2016-03-30,11.87
2016-03-31,12.25
2016-04-01,10.92
2016-04-04,12.50
2016-04-05,13.96
2016-04-06,12.56
2016-04-07,15.20
2016-04-08,13.59
2016-04-11,15.59
2016-04-12,13.71
2016-04-13,12.45
2016-04-14,12.32
2016-04-15,12.20
2016-04-18,12.86
2016-04-19,12.86
2016-04-20,12.80
2016-04-21,13.18
2016-04-22,11.93
2016-04-25,13.62
2016-04-26,13.50
2016-04-27,12.81
2016-04-28,14.55
2016-04-29,14.79
2016-05-02,13.77
2016-05-03,15.17
2016-05-04,15.47
2016-05-05,15.37
2016-05-06,13.38
2016-05-09,13.86
2016-05-10,12.80
2016-05-11,13.75
2016-05-12,13.46
2016-05-13,14.15
2016-05-16,13.59
2016-05-17,15.11
2016-05-18,15.34
2016-05-19,15.28
2016-05-20,12.73
2016-05-23,13.60
2016-05-24,11.91
2016-05-25,11.41
2016-05-26,10.46
2016-05-27,9.77
2016-05-31,11.85
2016-06-01,11.61
2016-06-02,11.01
2016-06-03,10.11
2016-06-06,11.26
2016-06-07,11.56
2016-06-08,10.89
2016-06-09,12.23
2016-06-10,15.83
2016-06-13,22.94
2016-06-14,23.35
2016-06-15,22.60
2016-06-16,21.89
2016-06-17,22.00
2016-06-20,22.21
2016-06-21,22.47
2016-06-22,27.86
2016-06-23,21.13
2016-06-24,30.71
2016-06-27,25.06
2016-06-28,19.08
2016-06-29,15.86
2016-06-30,14.05
2016-07-01,11.85
2016-07-05,14.19
2016-07-06,13.18
2016-07-07,13.11
2016-07-08,11.43
2016-07-11,12.23
2016-07-12,12.25
2016-07-13,11.11
2016-07-14,10.93
2016-07-15,10.26
2016-07-18,10.99
2016-07-19,11.02
2016-07-20,10.43
2016-07-21,11.50
2016-07-22,10.22
2016-07-25,11.93
2016-07-26,11.98
2016-07-27,11.61
2016-07-28,11.79
2016-07-29,10.01
2016-08-01,11.10
2016-08-02,12.35
2016-08-03,11.29
2016-08-04,10.80
2016-08-05,9.18
2016-08-08,10.10
2016-08-09,10.49
2016-08-10,10.68
2016-08-11,9.74
2016-08-12,9.54
2016-08-15,9.72
2016-08-16,10.87
2016-08-17,10.76
2016-08-18,9.90
2016-08-19,9.40
2016-08-22,10.95
2016-08-23,11.37
2016-08-24,12.67
2016-08-25,12.77
2016-08-26,12.10
2016-08-29,11.14
2016-08-30,11.21
2016-08-31,11.64
2016-09-01,11.89
2016-09-02,9.10
2016-09-06,9.98
2016-09-07,9.80
2016-09-08,10.99
2016-09-09,18.78
2016-09-12,16.03
2016-09-13,19.55
2016-09-14,19.38
2016-09-15,17.00
2016-09-16,15.27
2016-09-19,16.31
2016-09-20,17.22
2016-09-21,12.83
2016-09-22,10.79
2016-09-23,11.39
2016-09-26,15.67
2016-09-27,12.80
2016-09-28,11.72
2016-09-29,14.71
2016-09-30,12.37
2016-10-03,13.00
2016-10-04,12.95
2016-10-05,12.03
2016-10-06,11.47
2016-10-07,11.47
2016-10-10,10.81
2016-10-11,13.34
2016-10-12,13.16
2016-10-13,14.07
2016-10-14,12.94
2016-10-17,13.81
2016-10-18,12.45
2016-10-19,11.97
2016-10-20,11.07
2016-10-21,10.68
2016-10-24,11.35
2016-10-25,11.90
2016-10-26,12.58
2016-10-27,14.59
2016-10-28,16.69
2016-10-31,20.19
2016-11-01,22.86
2016-11-02,24.16
2016-11-03,27.90
2016-11-04,28.82
2016-11-07,24.67
2016-11-08,25.31
2016-11-09,15.36
2016-11-10,14.12
2016-11-11,12.84
2016-11-14,12.51
2016-11-15,10.64
2016-11-16,9.52
2016-11-17,9.38
2016-11-18,8.63
2016-11-21,10.00
2016-11-22,10.20
2016-11-23,10.06
2016-11-25,10.43
2016-11-28,12.86
2016-11-29,12.64
2016-11-30,13.23
2016-12-01,13.96
2016-12-02,13.64
2016-12-05,11.41
2016-12-06,10.84
2016-12-07,11.79
2016-12-08,12.92
2016-12-09,11.10
2016-12-12,12.25
2016-12-13,12.25
2016-12-14,12.84
2016-12-15,11.85
2016-12-16,10.67
2016-12-19,9.95
2016-12-20,9.85
2016-12-21,9.33
2016-12-22,9.34
2016-12-23,8.98
2016-12-27,10.22
2016-12-28,11.22
2016-12-29,11.64
2016-12-30,12.68
2017-01-03,11.99
2017-01-04,10.68
2017-01-05,9.95
2017-01-06,9.19
2017-01-09,9.44
2017-01-10,8.88
2017-01-11,8.88
2017-01-12,9.32
2017-01-13,8.99
2017-01-17,10.85
2017-01-18,11.29
2017-01-19,11.50
2017-01-20,9.72
2017-01-23,10.92
2017-01-24,10.08
2017-01-25,10.06
2017-01-26,9.71
2017-01-27,9.36
2017-01-30,11.66
2017-01-31,11.77
2017-02-01,12.04
2017-02-02,11.16
2017-02-03,9.19
2017-02-06,10.17
2017-02-07,9.47
2017-02-08,9.60
2017-02-09,8.85
2017-02-10,9.02
2017-02-13,9.32
2017-02-14,8.94
2017-02-15,10.26
2017-02-16,10.02
2017-02-17,9.03
2017-02-21,10.22
2017-02-22,10.39
2017-02-23,10.15
2017-02-24,9.41
2017-02-27,10.83
2017-02-28,11.89
2017-03-01,10.57
2017-03-02,9.60
2017-03-03,8.56
2017-03-06,9.67
2017-03-07,10.23
2017-03-08,10.91
2017-03-09,11.78
2017-03-10,10.67
2017-03-13,10.78
2017-03-14,11.78
2017-03-15,10.76
2017-03-16,9.74
2017-03-17,9.87
2017-03-20,10.23
2017-03-21,14.23
2017-03-22,14.51
2017-03-23,15.14
2017-03-24,13.43
2017-03-27,12.12
2017-03-28,10.51
2017-03-29,10.08
2017-03-30,9.58
2017-03-31,9.66
2017-04-03,10.16
2017-04-04,9.51
2017-04-05,11.89
2017-04-06,10.27
2017-04-07,10.06
2017-04-10,10.36
2017-04-11,10.54
2017-04-12,10.91
2017-04-13,12.75
2017-04-17,13.44
2017-04-18,14.20
2017-04-19,16.20
2017-04-20,15.83
2017-04-21,17.09
2017-04-24,9.96
2017-04-25,9.80
2017-04-26,9.79
2017-04-27,9.24
2017-04-28,9.42
2017-05-01,9.49
2017-05-02,10.49
2017-05-03,10.78
2017-05-04,11.04
2017-05-05,11.44
2017-05-08,9.09
2017-05-09,9.31
2017-05-10,9.43
2017-05-11,10.35
2017-05-12,9.40
2017-05-15,9.16
2017-05-16,8.96
2017-05-17,20.17
2017-05-18,16.67
2017-05-19,10.98
2017-05-22,9.39
2017-05-23,9.32
2017-05-24,8.56
2017-05-25,8.12
2017-05-26,7.60
2017-05-30,9.04
2017-05-31,8.71
2017-06-01,8.50
2017-06-02,8.47
2017-06-05,9.69
2017-06-06,10.39
2017-06-07,10.13
2017-06-08,9.62
2017-06-09,10.37
2017-06-12,11.35
2017-06-13,9.35
2017-06-14,9.91
2017-06-15,10.14
2017-06-16,8.33
2017-06-19,8.52
2017-06-20,9.42
2017-06-21,9.56
2017-06-22,9.23
2017-06-23,8.38
2017-06-26,8.70
2017-06-27,10.50
2017-06-28,8.49
2017-06-29,11.37
2017-06-30,9.93
2017-07-03,10.21
2017-07-05,9.65
2017-07-06,11.53
2017-07-07,9.26
2017-07-10,9.90
2017-07-11,9.37
2017-07-12,8.06
2017-07-13,8.01
2017-07-14,7.55
2017-07-17,8.39
2017-07-18,8.44
2017-07-19,7.85
2017-07-20,7.69
2017-07-21,7.10
2017-07-24,7.64
2017-07-25,7.87
2017-07-26,8.07
2017-07-27,9.03
2017-07-28,8.55
2017-07-31,9.43
2017-08-01,8.93
2017-08-02,8.68
2017-08-03,9.31
2017-08-04,8.58
2017-08-07,8.43
2017-08-08,10.50
2017-08-09,10.72
2017-08-10,17.83
2017-08-11,15.53
2017-08-14,11.63
2017-08-15,10.41
2017-08-16,9.73
2017-08-17,15.77
2017-08-18,13.17
2017-08-21,12.48
2017-08-22,9.92
2017-08-23,11.14
2017-08-24,10.33
2017-08-25,8.97
2017-08-28,9.45
2017-08-29,9.81
2017-08-30,9.15
2017-08-31,8.66
2017-09-01,7.94
2017-09-05,11.34
2017-09-06,10.22
2017-09-07,9.75
2017-09-08,11.29
2017-09-11,9.01
2017-09-12,9.25
2017-09-13,9.38
2017-09-14,9.29
2017-09-15,8.30
2017-09-18,8.72
2017-09-19,9.09
2017-09-20,8.95
2017-09-21,8.44
2017-09-22,7.98
2017-09-25,9.21
2017-09-26,9.34
2017-09-27,9.03
2017-09-28,8.39
2017-09-29,7.95
2017-10-02,8.18
2017-10-03,8.04
2017-10-04,8.02
2017-10-05,7.81
2017-10-06,7.88
2017-10-09,9.34
2017-10-10,8.72
2017-10-11,8.32
2017-10-12,8.34
2017-10-13,8.03
2017-10-16,8.46
2017-10-17,8.69
2017-10-18,8.37
2017-10-19,8.88
2017-10-20,8.41
2017-10-23,10.77
2017-10-24,10.48
2017-10-25,11.09
2017-10-26,10.69
2017-10-27,8.61
2017-10-30,9.81
2017-10-31,9.32
2017-11-01,9.29
2017-11-02,8.54
2017-11-03,7.84
2017-11-06,8.09
2017-11-07,8.83
2017-11-08,8.28
2017-11-09,9.65
2017-11-10,10.31
2017-11-13,9.84
2017-11-14,9.73
2017-11-15,11.73
2017-11-16,8.74
2017-11-17,8.49
2017-11-20,8.60
2017-11-21,7.97
2017-11-22,7.87
2017-11-24,7.87
2017-11-27,9.00
2017-11-28,9.18
2017-11-29,10.16
2017-11-30,11.38
2017-12-01,11.98
2017-12-04,12.21
2017-12-05,11.11
2017-12-06,10.90
2017-12-07,9.51
2017-12-08,8.44
2017-12-11,8.79
2017-12-12,9.24
2017-12-13,9.35
2017-12-14,9.87
2017-12-15,8.25
2017-12-18,8.05
2017-12-19,9.03
2017-12-20,8.34
2017-12-21,7.63
2017-12-22,7.51
2017-12-26,8.48
2017-12-27,9.71
2017-12-28,9.27
2017-12-29,10.42
2018-01-02,8.54
2018-01-03,7.85
2018-01-04,7.73
2018-01-05,7.70
2018-01-08,7.90
2018-01-09,8.35
2018-01-10,7.85
2018-01-11,7.84
2018-01-12,8.68
2018-01-16,11.25
2018-01-17,11.69
2018-01-18,12.37
2018-01-19,10.41
2018-01-22,10.86
2018-01-23,11.02
2018-01-24,11.45
2018-01-25,11.64
2018-01-26,10.46
2018-01-29,14.91
2018-01-30,16.20
2018-01-31,13.86
2018-02-01,13.86
2018-02-02,18.86
2018-02-05,59.34
2018-02-06,39.46
2018-02-07,32.86
2018-02-08,41.44
2018-02-09,31.64
2018-02-12,26.83
2018-02-13,25.29
2018-02-14,18.73
2018-02-15,18.58
2018-02-16,18.68
2018-02-20,20.64
2018-02-21,20.01
2018-02-22,18.13
2018-02-23,14.98
2018-02-26,15.16
2018-02-27,18.12
2018-02-28,19.19
2018-03-01,23.89
2018-03-02,18.87
2018-03-05,18.26
2018-03-06,17.23
2018-03-07,16.71
2018-03-08,15.86
2018-03-09,13.53
2018-03-12,15.24
2018-03-13,15.36
2018-03-14,17.28
2018-03-15,15.96
2018-03-16,14.93
2018-03-19,21.95
2018-03-20,19.70
2018-03-21,18.52
2018-03-22,26.31
2018-03-23,28.22
2018-03-26,22.28
2018-03-27,22.95
2018-03-28,24.94
2018-03-29,20.57
2018-04-02,27.31
2018-04-03,23.48
2018-04-04,21.95
2018-04-05,19.93
2018-04-06,23.06
2018-04-09,23.83
2018-04-10,20.92
2018-04-11,20.37
2018-04-12,17.82
2018-04-13,16.36
2018-04-16,16.57
2018-04-17,15.35
2018-04-18,14.64
2018-04-19,15.50
2018-04-20,16.23
2018-04-23,16.44
2018-04-24,19.17
2018-04-25,18.71
2018-04-26,16.01
2018-04-27,14.44
2018-04-30,16.45
2018-05-01,15.70
2018-05-02,16.53
2018-05-03,15.75
2018-05-04,13.86
2018-05-07,14.22
2018-05-08,13.98
2018-05-09,12.13
2018-05-10,12.43
2018-05-11,11.24
2018-05-14,11.92
2018-05-15,14.29
2018-05-16,12.36
2018-05-17,12.02
2018-05-18,11.48
2018-05-21,11.37
2018-05-22,10.92
2018-05-23,10.06
2018-05-24,10.33
2018-05-25,11.46
2018-05-29,17.24
2018-05-30,13.26
2018-05-31,14.12
2018-06-01,11.44
2018-06-04,12.02
2018-06-05,11.68
2018-06-06,11.03
2018-06-07,11.90
2018-06-08,11.56
2018-06-11,12.53
2018-06-12,12.03
2018-06-13,12.66
2018-06-14,11.56
2018-06-15,10.84
2018-06-18,11.69
2018-06-19,12.97
2018-06-20,12.16
2018-06-21,14.56
2018-06-22,12.16
2018-06-25,17.68
2018-06-26,15.16
2018-06-27,17.91
2018-06-28,15.83
2018-06-29,14.93
2018-07-02,14.42
2018-07-03,15.17
2018-07-05,14.14
2018-07-06,11.49
2018-07-09,10.79
2018-07-10,10.66
2018-07-11,11.80
2018-07-12,10.60
2018-07-13,10.07
2018-07-16,11.50
2018-07-17,10.56
2018-07-18,10.03
2018-07-19,11.15
2018-07-20,11.01
2018-07-23,11.34
2018-07-24,11.15
2018-07-25,11.27
2018-07-26,11.07
2018-07-27,11.59
2018-07-30,13.57
2018-07-31,11.64
2018-08-01,12.29
2018-08-02,10.51
2018-08-03,9.58
2018-08-06,9.74
2018-08-07,9.13
2018-08-08,8.86
2018-08-09,9.46
2018-08-10,13.09
2018-08-13,15.34
2018-08-14,12.62
2018-08-15,15.01
2018-08-16,12.92
2018-08-17,11.57
2018-08-20,11.42
2018-08-21,11.55
2018-08-22,10.77
2018-08-23,10.80
2018-08-24,10.17
2018-08-27,10.23
2018-08-28,10.20
2018-08-29,9.77
2018-08-30,11.49
2018-08-31,11.01
2018-09-04,11.97
2018-09-05,12.65
2018-09-06,13.46
2018-09-07,13.49
2018-09-10,12.57
2018-09-11,11.00
2018-09-12,10.67
2018-09-13,10.03
2018-09-14,9.93
2018-09-17,13.50
2018-09-18,11.74
2018-09-19,11.45
2018-09-20,11.04
2018-09-21,10.63
2018-09-24,11.63
2018-09-25,11.76
2018-09-26,12.70
2018-09-27,12.09
2018-09-28,11.17
2018-10-01,11.19
2018-10-02,11.13
2018-10-03,10.81
2018-10-04,15.42
2018-10-05,14.86
2018-10-08,14.92
2018-10-09,14.40
2018-10-10,25.98
2018-10-11,29.58
2018-10-12,22.84
2018-10-15,23.91
2018-10-16,17.85
2018-10-17,17.75
2018-10-18,22.31
2018-10-19,21.13
2018-10-22,20.67
2018-10-23,23.43
2018-10-24,31.91
2018-10-25,29.62
2018-10-26,29.89
2018-10-29,31.03
2018-10-30,28.87
2018-10-31,25.16
2018-11-01,21.54
2018-11-02,21.17
2018-11-05,21.63
2018-11-06,21.62
2018-11-07,15.54
2018-11-08,15.56
2018-11-09,15.63
2018-11-12,20.69
2018-11-13,19.38
2018-11-14,21.39
2018-11-15,19.50
2018-11-16,16.35
2018-11-19,20.43
2018-11-20,23.63
2018-11-21,19.86
2018-11-23,21.42
2018-11-26,20.04
2018-11-27,21.08
2018-11-28,21.92
2018-11-29,22.38
2018-11-30,22.11
2018-12-03,17.21
2018-12-04,25.13
2018-12-06,25.06
2018-12-07,27.47
2018-12-10,25.24
2018-12-11,23.79
2018-12-12,22.64
2018-12-13,20.33
2018-12-14,22.08
2018-12-17,28.00
2018-12-18,28.51
2018-12-19,26.16
2018-12-20,31.19
2018-12-21,33.03
2018-12-24,42.40
2018-12-26,33.92
2018-12-27,34.38
2018-12-28,31.64
2018-12-31,28.57
2019-01-02,22.82
2019-01-03,26.59
2019-01-04,20.85
2019-01-07,21.47
2019-01-08,20.13
2019-01-09,18.88
2019-01-10,17.74
2019-01-11,15.96
2019-01-14,17.04
2019-01-15,16.50
2019-01-16,16.34
2019-01-17,15.67
2019-01-18,15.04
2019-01-22,21.24
2019-01-23,19.40
2019-01-24,17.64
2019-01-25,16.39
2019-01-28,19.49
2019-01-29,19.95
2019-01-30,17.37
2019-01-31,15.61
2019-02-01,14.09
2019-02-04,13.67
2019-02-05,13.46
2019-02-06,12.73
2019-02-07,14.89
2019-02-08,13.61
2019-02-11,14.67
2019-02-12,13.47
2019-02-13,13.49
2019-02-14,14.11
2019-02-15,12.18
2019-02-19,13.38
2019-02-20,12.60
2019-02-21,13.18
2019-02-22,11.49
2019-02-25,14.06
2019-02-26,14.20
2019-02-27,13.14
2019-02-28,13.18
2019-03-01,11.33
2019-03-04,13.40
2019-03-05,13.36
2019-03-06,14.99
2019-03-07,16.15
2019-03-08,14.63
2019-03-11,13.40
2019-03-12,12.73
2019-03-13,12.53
2019-03-14,12.52
2019-03-15,11.22
2019-03-18,12.53
2019-03-19,13.53
2019-03-20,13.49
2019-03-21,13.11
2019-03-22,16.85
2019-03-25,16.41
2019-03-26,13.95
2019-03-27,14.70
2019-03-28,13.70
2019-03-29,12.34
2019-04-01,12.11
2019-04-02,11.86
2019-04-03,12.29
2019-04-04,11.58
2019-04-05,10.12
2019-04-08,10.74
2019-04-09,11.78
2019-04-10,10.14
2019-04-11,10.52
2019-04-12,9.74
2019-04-15,10.61
2019-04-16,10.76
2019-04-17,11.00
2019-04-18,9.93
2019-04-22,11.63
2019-04-23,11.64
2019-04-24,12.54
2019-04-25,12.36
2019-04-26,11.81
2019-04-29,12.52
2019-04-30,12.44
2019-05-01,14.95
2019-05-02,13.92
2019-05-03,10.96
2019-05-06,15.45
2019-05-07,20.74
2019-05-08,21.33
2019-05-09,21.86
2019-05-10,16.57
2019-05-13,22.76
2019-05-14,18.76
2019-05-15,16.31
2019-05-16,15.06
2019-05-17,16.26
2019-05-20,16.82
2019-05-21,14.50
2019-05-22,13.92
2019-05-23,17.40
2019-05-24,15.36
2019-05-28,17.98
2019-05-29,18.34
2019-05-30,17.12
2019-05-31,19.00
2019-06-03,19.26
2019-06-04,16.65
2019-06-05,14.90
2019-06-06,14.88
2019-06-07,15.02
2019-06-10,15.25
2019-06-11,15.15
2019-06-12,14.66
2019-06-13,14.59
2019-06-14,13.56
2019-06-17,14.99
2019-06-18,15.29
2019-06-19,13.87
2019-06-20,14.77
2019-06-21,14.83
2019-06-24,15.80
2019-06-25,17.01
2019-06-26,16.80
2019-06-27,16.34
2019-06-28,15.67
2019-07-01,12.51
2019-07-02,10.42
2019-07-03,9.91
2019-07-05,10.57
2019-07-08,11.12
2019-07-09,11.08
2019-07-10,9.94
2019-07-11,10.08
2019-07-12,9.88
2019-07-15,11.01
2019-07-16,11.71
2019-07-17,13.42
2019-07-18,12.68
2019-07-19,13.56
2019-07-22,13.64
2019-07-23,12.82
2019-07-24,12.19
2019-07-25,12.53
2019-07-26,11.54
2019-07-29,12.67
2019-07-30,14.46
2019-07-31,18.41
2019-08-01,19.32
2019-08-02,17.69
2019-08-05,29.14
2019-08-06,21.84
2019-08-07,20.95
2019-08-08,16.77
2019-08-09,17.75
2019-08-12,22.45
2019-08-13,17.49
2019-08-14,24.42
2019-08-15,22.45
2019-08-16,18.36
2019-08-19,17.20
2019-08-20,18.43
2019-08-21,16.09
2019-08-22,16.71
2019-08-23,21.55
2019-08-26,19.82
2019-08-27,20.81
2019-08-28,19.16
2019-08-29,16.85
2019-08-30,18.60
2019-09-03,19.07
2019-09-04,15.60
2019-09-05,14.59
2019-09-06,12.39
2019-09-09,13.66
2019-09-10,13.76
2019-09-11,13.13
2019-09-12,13.10
2019-09-13,12.62
2019-09-16,14.60
2019-09-17,14.54
2019-09-18,14.13
2019-09-19,13.18
2019-09-20,14.68
2019-09-23,9.83
2019-09-24,17.73
2019-09-25,15.30
2019-09-26,15.20
2019-09-27,16.77
2019-09-30,15.28
2019-10-01,18.94
2019-10-02,21.71
2019-10-03,19.48
2019-10-04,16.27
2019-10-07,17.70
2019-10-08,20.29
2019-10-09,18.26
2019-10-10,17.78
2019-10-11,15.28
2019-10-14,14.01
2019-10-15,12.30
2019-10-16,11.92
2019-10-17,11.90
2019-10-18,12.35
2019-10-21,12.61
2019-10-22,13.30
2019-10-23,12.27
2019-10-24,11.89
2019-10-25,10.33
2019-10-28,11.70
2019-10-29,11.75
2019-10-30,10.67
2019-10-31,11.58
2019-11-01,9.84
2019-11-04,11.08
2019-11-05,10.99
2019-11-06,9.47
2019-11-07,10.16
2019-11-08,9.32
2019-11-11,10.69
2019-11-12,10.80
2019-11-13,10.97
2019-11-14,11.23
2019-11-15,9.67
2019-11-18,10.18
2019-11-19,10.25
2019-11-20,10.20
2019-11-21,10.56
2019-11-22,9.22
2019-11-25,9.76
2019-11-26,9.50
2019-11-27,9.90
2019-11-29,11.36
2019-12-02,15.30
2019-12-03,16.86
2019-12-04,14.92
2019-12-05,13.94
2019-12-06,12.81
2019-12-09,17.06
2019-12-10,16.24
2019-12-11,15.27
2019-12-12,14.67
2019-12-13,12.41
2019-12-16,11.63
2019-12-17,11.16
2019-12-18,10.30
2019-12-19,9.39
2019-12-20,9.27
2019-12-23,9.83
2019-12-24,9.56
2019-12-26,9.94
2019-12-27,11.00
2019-12-30,13.77
2019-12-31,13.26
2020-01-02,10.60
2020-01-03,12.78
2020-01-06,12.42
2020-01-07,12.34
2020-01-08,12.22
2020-01-09,10.86
2020-01-10,10.57
2020-01-13,10.05
2020-01-14,10.18
2020-01-15,9.69
2020-01-16,9.71
2020-01-17,9.04
2020-01-21,11.38
2020-01-22,11.03
2020-01-23,11.40
2020-01-24,14.65
2020-01-27,21.30
2020-01-28,18.34
2020-01-29,18.12
2020-01-30,16.41
2020-01-31,21.66
2020-02-03,19.23
2020-02-04,15.81
2020-02-05,13.69
2020-02-06,12.98
2020-02-07,13.73
2020-02-10,12.89
2020-02-11,13.04
2020-02-12,10.84
2020-02-13,11.83
2020-02-14,10.98
2020-02-18,13.02
2020-02-19,11.88
2020-02-20,13.86
2020-02-21,15.77
2020-02-24,31.90
2020-02-25,36.35
2020-02-26,34.84
2020-02-27,54.74
2020-02-28,52.90
2020-03-02,42.17
2020-03-03,47.34
2020-03-04,37.06
2020-03-05,48.63
2020-03-06,48.55
2020-03-09,70.30
2020-03-10,57.39
2020-03-11,68.21
2020-03-12,103.56
2020-03-13,69.87
2020-03-16,106.66
2020-03-17,92.93
2020-03-18,97.22
2020-03-19,91.02
2020-03-20,83.47
2020-03-23,78.76
2020-03-24,78.04
2020-03-25,81.30
2020-03-26,73.61
2020-03-27,72.33
2020-03-30,62.80
2020-03-31,60.16
2020-04-01,61.33
2020-04-02,52.81
2020-04-03,46.66
2020-04-06,47.02
2020-04-07,48.34
2020-04-08,42.46
2020-04-09,40.42
2020-04-13,41.74
2020-04-14,38.81
2020-04-15,41.64
2020-04-16,40.49
2020-04-17,36.18
2020-04-20,44.00
2020-04-21,45.46
2020-04-22,40.21
2020-04-23,39.35
2020-04-24,31.72
2020-04-27,31.41
2020-04-28,32.44
2020-04-29,29.66
2020-04-30,32.88
2020-05-01,35.57
2020-05-04,35.45
2020-05-05,33.19
2020-05-06,33.98
2020-05-07,29.75
2020-05-08,24.89
2020-05-11,26.17
2020-05-12,33.36
2020-05-13,34.63
2020-05-14,31.66
2020-05-15,29.71
2020-05-18,27.62
2020-05-19,28.03
2020-05-20,24.93
2020-05-21,26.15
2020-05-22,23.47
2020-05-26,25.50
2020-05-27,25.17
2020-05-28,26.02
2020-05-29,24.59
2020-06-01,27.08
2020-06-02,25.06
2020-06-03,23.97
2020-06-04,23.56
2020-06-05,22.63
2020-06-08,25.18
2020-06-09,26.92
2020-06-10,27.10
2020-06-11,42.06
2020-06-12,36.52
2020-06-15,35.98
2020-06-16,35.38
2020-06-17,33.98
2020-06-18,32.05
2020-06-19,33.92
2020-06-22,31.23
2020-06-23,30.29
2020-06-24,33.25
2020-06-25,30.92
2020-06-26,33.31
2020-06-29,30.42
2020-06-30,29.14
2020-07-01,25.20
2020-07-02,22.64
2020-07-06,25.23
2020-07-07,26.84
2020-07-08,23.67
2020-07-09,25.55
2020-07-10,22.59
2020-07-13,30.31
2020-07-14,27.78
2020-07-15,25.22
2020-07-16,25.85
2020-07-17,22.16
2020-07-20,22.52
2020-07-21,23.33
2020-07-22,21.65
2020-07-23,24.10
2020-07-24,22.70
2020-07-27,22.38
2020-07-28,23.54
2020-07-29,21.93
2020-07-30,22.79
2020-07-31,20.61
2020-08-03,20.95
2020-08-04,20.44
2020-08-05,19.02
2020-08-06,19.40
2020-08-07,18.08
2020-08-10,18.88
2020-08-11,21.89
2020-08-12,18.90
2020-08-13,18.54
2020-08-14,17.87
2020-08-17,17.60
2020-08-18,17.82
2020-08-19,19.23
2020-08-20,18.85
2020-08-21,18.01
2020-08-24,18.81
2020-08-25,18.09
2020-08-26,19.96
2020-08-27,20.19
2020-08-28,17.13
2020-08-31,21.10
2020-09-01,19.65
2020-09-02,20.71
2020-09-03,30.45
2020-09-04,29.41
2020-09-08,32.91
2020-09-09,29.09
2020-09-10,30.43
2020-09-11,26.33
2020-09-14,25.06
2020-09-15,24.22
2020-09-16,23.77
2020-09-17,24.95
2020-09-18,24.02
2020-09-21,28.11
2020-09-22,25.95
2020-09-23,27.97
2020-09-24,27.65
2020-09-25,24.57
2020-09-28,25.21
2020-09-29,25.99
2020-09-30,25.77
2020-10-01,24.80
2020-10-02,24.64
2020-10-05,23.51
2020-10-06,25.08
2020-10-07,21.74
2020-10-08,19.94
2020-10-09,18.85
2020-10-12,20.30
2020-10-13,21.39
2020-10-14,21.30
2020-10-15,21.38
2020-10-16,21.64
2020-10-19,24.65
2020-10-20,24.57
2020-10-21,23.20
2020-10-22,24.06
2020-10-23,24.29
2020-10-26,35.91
2020-10-27,37.29
2020-10-28,47.90
2020-10-29,44.34
2020-10-30,44.33
2020-11-02,43.86
2020-11-03,43.20
2020-11-04,32.46
2020-11-05,28.09
2020-11-06,23.96
2020-11-09,26.71
2020-11-10,24.43
2020-11-11,21.59
2020-11-12,23.88
2020-11-13,21.01
2020-11-16,19.33
2020-11-17,18.81
2020-11-18,19.59
2020-11-19,19.26
2020-11-20,19.86
2020-11-23,19.58
2020-11-24,18.40
2020-11-25,17.14
2020-11-27,18.25
2020-11-30,19.87
2020-12-01,19.87
2020-12-02,19.29
2020-12-03,19.35
2020-12-04,17.96
2020-12-07,18.74
2020-12-08,18.17
2020-12-09,19.99
2020-12-10,19.67
2020-12-11,20.45
2020-12-14,23.67
2020-12-15,20.19
2020-12-16,18.80
2020-12-17,18.62
2020-12-18,16.70
2020-12-21,21.56
2020-12-22,19.91
2020-12-23,19.20
2020-12-24,17.12
2020-12-28,20.05
2020-12-29,21.47
2020-12-30,21.31
2020-12-31,21.20
2021-01-04,27.39
2021-01-05,24.29
2021-01-06,23.77
2021-01-07,19.42
2021-01-08,18.34
2021-01-11,21.69
2021-01-12,20.65
2021-01-13,18.91
2021-01-14,21.17
2021-01-15,21.69
2021-01-19,21.88
2021-01-20,18.85
2021-01-21,18.23
2021-01-22,18.42
2021-01-25,20.66
2021-01-26,20.46
2021-01-27,41.64
2021-01-28,30.00
2021-01-29,32.63
2021-02-01,28.99
2021-02-02,22.44
2021-02-03,18.97
2021-02-04,17.48
2021-02-05,15.52
2021-02-08,16.57
2021-02-09,17.09
2021-02-10,17.68
2021-02-11,17.09
2021-02-12,15.05
2021-02-16,19.32
2021-02-17,18.41
2021-02-18,19.46
2021-02-19,18.33
2021-02-22,21.22
2021-02-23,21.30
2021-02-24,18.35
2021-02-25,31.81
2021-02-26,29.42
2021-03-01,22.70
2021-03-02,23.17
2021-03-03,26.88
2021-03-04,29.30
2021-03-05,23.83
2021-03-08,25.70
2021-03-09,24.11
2021-03-10,20.98
2021-03-11,20.01
2021-03-12,17.41
2021-03-15,17.74
2021-03-16,17.93
2021-03-17,16.69
2021-03-18,20.33
2021-03-19,18.28
2021-03-22,16.40
2021-03-23,18.37
2021-03-24,19.07
2021-03-25,17.16
2021-03-26,16.32
2021-03-29,18.85
2021-03-30,17.28
2021-03-31,15.62
2021-04-01,12.97
2021-04-05,15.65
2021-04-06,15.71
2021-04-07,14.13
2021-04-08,13.94
2021-04-09,13.19
2021-04-12,14.24
2021-04-13,13.78
2021-04-14,14.10
2021-04-15,14.22
2021-04-16,12.97
2021-04-19,15.42
2021-04-20,17.33
2021-04-21,14.79
2021-04-22,16.77
2021-04-23,14.07
2021-04-26,14.81
2021-04-27,14.55
2021-04-28,13.62
2021-04-29,13.96
2021-04-30,15.53
2021-05-03,16.17
2021-05-04,17.75
2021-05-05,17.57
2021-05-06,16.04
2021-05-07,14.09
2021-05-10,19.68
2021-05-11,22.03
2021-05-12,29.55
2021-05-13,23.21
2021-05-14,17.41
2021-05-17,18.83
2021-05-18,20.99
2021-05-19,21.21
2021-05-20,18.56
2021-05-21,17.12
2021-05-24,14.67
2021-05-25,15.79
2021-05-26,13.84
2021-05-27,13.03
2021-05-28,12.73
2021-06-01,15.00
2021-06-02,13.70
2021-06-03,15.18
2021-06-04,12.70
2021-06-07,13.91
2021-06-08,15.43
2021-06-09,17.09
2021-06-10,13.83
2021-06-11,13.06
2021-06-14,14.92
2021-06-15,15.92
2021-06-16,17.94
2021-06-17,16.67
2021-06-18,20.14
2021-06-21,16.83
2021-06-22,14.58
2021-06-23,13.63
2021-06-24,12.77
2021-06-25,11.86
2021-06-28,11.92
2021-06-29,11.86
2021-06-30,11.11
2021-07-01,11.43
2021-07-02,10.40
2021-07-06,13.76
2021-07-07,13.07
2021-07-08,17.24
2021-07-09,13.02
2021-07-12,13.52
2021-07-13,14.98
2021-07-14,13.45
2021-07-15,14.55
2021-07-16,16.30
2021-07-19,22.15
2021-07-20,17.86
2021-07-21,14.65
2021-07-22,14.07
2021-07-23,12.87
2021-07-26,14.01
2021-07-27,17.16
2021-07-28,14.82
2021-07-29,13.65
2021-07-30,14.36
2021-08-02,16.21
2021-08-03,13.68
2021-08-04,13.62
2021-08-05,13.25
2021-08-06,10.96
2021-08-09,12.75
2021-08-10,13.23
2021-08-11,11.58
2021-08-12,11.54
2021-08-13,11.21
2021-08-16,13.07
2021-08-17,16.29
2021-08-18,23.12
2021-08-19,21.24
2021-08-20,15.10
2021-08-23,14.02
2021-08-24,13.94
2021-08-25,12.99
2021-08-26,17.11
2021-08-27,12.32
2021-08-30,12.00
2021-08-31,12.75
2021-09-01,11.75
2021-09-02,12.73
2021-09-03,11.66
2021-09-07,15.33
2021-09-08,14.75
2021-09-09,16.55
2021-09-10,22.58
2021-09-13,20.20
2021-09-14,19.43
2021-09-15,16.20
2021-09-16,16.64
2021-09-17,19.66
2021-09-20,27.70
2021-09-21,25.13
2021-09-22,19.46
2021-09-23,17.08
2021-09-24,15.24
2021-09-27,16.96
2021-09-28,24.56
2021-09-29,21.79
2021-09-30,23.03
2021-10-01,19.42
2021-10-04,23.04
2021-10-05,20.32
2021-10-06,19.54
2021-10-07,18.13
2021-10-08,16.74
2021-10-11,19.75
2021-10-12,19.41
2021-10-13,17.45
2021-10-14,14.80
2021-10-15,13.24
2021-10-18,13.91
2021-10-19,13.34
2021-10-20,12.69
2021-10-21,11.81
2021-10-22,11.98
2021-10-25,13.09
2021-10-26,14.33
2021-10-27,15.16
2021-10-28,14.31
2021-10-29,13.67
2021-11-01,15.02
2021-11-02,14.74
2021-11-03,13.10
2021-11-04,13.04
2021-11-05,13.15
2021-11-08,14.43
2021-11-09,15.19
2021-11-10,15.95
2021-11-11,14.30
2021-11-12,11.99
2021-11-15,12.20
2021-11-16,11.94
2021-11-17,11.51
2021-11-18,12.43
2021-11-19,12.45
2021-11-22,16.06
2021-11-23,16.35
2021-11-24,14.82
2021-11-26,30.60
2021-11-29,21.43
2021-11-30,28.38
2021-12-01,33.93
2021-12-02,28.04
2021-12-03,31.70
2021-12-06,27.29
2021-12-07,20.83
2021-12-08,17.50
2021-12-09,20.49
2021-12-10,15.70
2021-12-13,18.54
2021-12-14,21.02
2021-12-15,16.78
2021-12-16,18.76
2021-12-17,19.35
2021-12-20,22.21
2021-12-21,18.83
2021-12-22,14.76
2021-12-23,13.71
2021-12-27,14.48
2021-12-28,14.40
2021-12-29,12.85
2021-12-30,13.86
2021-12-31,13.26
2022-01-03,13.52
2022-01-04,13.88
2022-01-05,18.07
2022-01-06,17.06
2022-01-07,15.40
2022-01-10,17.91
2022-01-11,16.59
2022-01-12,14.68
2022-01-13,18.79
2022-01-14,17.31
2022-01-18,24.17
2022-01-19,23.96
2022-01-20,26.73
2022-01-21,30.86
2022-01-24,35.82
2022-01-25,37.18
2022-01-26,37.40
2022-01-27,33.03
2022-01-28,28.13
2022-01-31,25.33
2022-02-01,21.10
2022-02-02,21.60
2022-02-03,24.11
2022-02-04,21.86
2022-02-07,21.61
2022-02-08,20.07
2022-02-09,18.67
2022-02-10,23.71
2022-02-11,26.84
2022-02-14,27.62
2022-02-15,24.49
2022-02-16,21.32
2022-02-17,27.69
2022-02-18,26.03
2022-02-22,28.62
2022-02-23,30.71
2022-02-24,30.04
2022-02-25,26.15
2022-02-28,31.50
2022-03-01,34.80
2022-03-02,30.79
2022-03-03,30.02
2022-03-04,31.11
2022-03-07,38.57
2022-03-08,36.66
2022-03-09,33.44
2022-03-10,30.01
2022-03-11,30.63
2022-03-14,34.23
2022-03-15,30.71
2022-03-16,26.51
2022-03-17,24.94
2022-03-18,22.19
2022-03-21,22.73
2022-03-22,22.57
2022-03-23,23.21
2022-03-24,20.42
2022-03-25,18.45
2022-03-28,17.82
2022-03-29,17.54
2022-03-30,17.43
2022-03-31,18.40
2022-04-01,16.00
2022-04-04,15.76
2022-04-05,18.62
2022-04-06,19.64
2022-04-07,19.05
2022-04-08,17.30
2022-04-11,22.85
2022-04-12,22.49
2022-04-13,19.15
2022-04-14,19.34
2022-04-18,20.88
2022-04-19,20.70
2022-04-20,19.30
2022-04-21,22.21
2022-04-22,29.07
2022-04-25,28.95
2022-04-26,37.74
2022-04-27,34.82
2022-04-28,32.25
2022-04-29,36.11
2022-05-02,35.40
2022-05-03,31.61
2022-05-04,26.16
2022-05-05,33.25
2022-05-06,29.79
2022-05-09,36.65
2022-05-10,34.70
2022-05-11,33.92
2022-05-12,33.32
2022-05-13,29.38
2022-05-16,28.52
2022-05-17,26.92
2022-05-18,32.30
2022-05-19,30.69
2022-05-20,29.19
2022-05-23,28.98
2022-05-24,29.48
2022-05-25,27.37
2022-05-26,25.67
2022-05-27,23.13
2022-05-31,25.91
2022-06-01,25.12
2022-06-02,23.57
2022-06-03,23.05
2022-06-06,25.57
2022-06-07,24.23
2022-06-08,23.91
2022-06-09,27.54
2022-06-10,28.78
2022-06-13,38.86
2022-06-14,36.95
2022-06-15,32.53
2022-06-16,36.58
2022-06-17,30.40
2022-06-21,30.38
2022-06-22,28.30
2022-06-23,28.29
2022-06-24,26.04
2022-06-27,25.81
2022-06-28,27.18
2022-06-29,26.56
2022-06-30,26.86
2022-07-01,23.56
2022-07-05,27.34
2022-07-06,25.95
2022-07-07,24.79
2022-07-08,21.91
2022-07-11,24.46
2022-07-12,27.13
2022-07-13,25.94
2022-07-14,25.22
2022-07-15,22.14
2022-07-18,25.60
2022-07-19,26.20
2022-07-20,25.18
2022-07-21,23.44
2022-07-22,22.09
2022-07-25,23.09
2022-07-26,24.95
2022-07-27,22.14
2022-07-28,20.81
2022-07-29,18.57
2022-08-01,21.94
2022-08-02,23.25
2022-08-03,20.56
2022-08-04,19.69
2022-08-05,19.32
2022-08-08,19.93
2022-08-09,20.81
2022-08-10,17.59
2022-08-11,18.03
2022-08-12,16.78
2022-08-15,18.54
2022-08-16,18.60
2022-08-17,18.64
2022-08-18,17.67
2022-08-19,18.24
2022-08-22,22.85
2022-08-23,23.35
2022-08-24,21.20
2022-08-25,20.34
2022-08-26,23.90
2022-08-29,24.76
2022-08-30,24.41
2022-08-31,23.69
2022-09-01,23.76
2022-09-02,22.97
2022-09-06,26.99
2022-09-07,24.05
2022-09-08,22.84
2022-09-09,21.71
2022-09-12,25.26
2022-09-13,29.14
2022-09-14,27.28
2022-09-15,27.11
2022-09-16,27.06
2022-09-19,27.78
2022-09-20,30.39
2022-09-21,30.34
2022-09-22,27.67
2022-09-23,30.25
2022-09-26,34.14
2022-09-27,33.49
2022-09-28,31.16
2022-09-29,32.67
2022-09-30,31.19
2022-10-03,30.65
2022-10-04,29.82
2022-10-05,28.81
2022-10-06,31.30
2022-10-07,30.55
2022-10-10,32.22
2022-10-11,34.66
2022-10-12,34.61
2022-10-13,31.51
2022-10-14,29.67
2022-10-17,30.60
2022-10-18,28.99
2022-10-19,28.67
2022-10-20,27.87
2022-10-21,28.46
2022-10-24,31.66
2022-10-25,30.67
2022-10-26,29.32
2022-10-27,29.77
2022-10-28,27.81
2022-10-31,29.80
2022-11-01,30.51
2022-11-02,29.37
2022-11-03,28.40
2022-11-04,27.04
2022-11-07,27.16
2022-11-08,28.70
2022-11-09,28.90
2022-11-10,24.46
2022-11-11,21.31
2022-11-14,21.19
2022-11-15,21.80
2022-11-16,19.67
2022-11-17,19.74
2022-11-18,18.34
2022-11-21,19.51
2022-11-22,19.03
2022-11-23,16.91
2022-11-25,17.06
2022-11-28,20.07
2022-11-29,20.39
2022-11-30,18.87
2022-12-01,18.38
2022-12-02,17.95
2022-12-05,23.81
2022-12-06,27.08
2022-12-07,28.07
2022-12-08,26.74
2022-12-09,26.48
2022-12-12,29.54
2022-12-13,23.70
2022-12-14,20.20
2022-12-15,21.73
2022-12-16,20.51
2022-12-19,20.83
2022-12-20,19.78
2022-12-21,17.58
2022-12-22,19.84
2022-12-23,17.49
2022-12-27,19.77
2022-12-28,20.88
2022-12-29,20.49
2022-12-30,21.14
2023-01-03,25.08
2023-01-04,23.92
2023-01-05,24.54
2023-01-06,21.57
2023-01-09,23.04
2023-01-10,21.50
2023-01-11,22.41
2023-01-12,16.46
2023-01-13,14.82
2023-01-17,16.61
2023-01-18,17.24
2023-01-19,18.28
2023-01-20,18.26
2023-01-23,21.25
2023-01-24,21.84
2023-01-25,22.01
2023-01-26,21.05
2023-01-27,20.03
2023-01-30,22.42
2023-01-31,21.74
2023-02-01,18.56
2023-02-02,19.13
2023-02-03,17.76
2023-02-06,20.67
2023-02-07,19.62
2023-02-08,21.00
2023-02-09,22.74
2023-02-10,21.50
2023-02-13,21.41
2023-02-14,17.72
2023-02-15,16.02
2023-02-16,19.33
2023-02-17,16.94
2023-02-21,21.14
2023-02-22,19.20
2023-02-23,18.11
2023-02-24,18.38
2023-02-27,19.37
2023-02-28,19.59
2023-03-01,19.59
2023-03-02,18.71
2023-03-03,17.76
2023-03-06,19.60
2023-03-07,20.96
2023-03-08,20.57
2023-03-09,25.46
2023-03-10,26.86
2023-03-13,30.93
2023-03-14,25.97
2023-03-15,29.31
2023-03-16,24.61
2023-03-17,27.01
2023-03-20,25.90
2023-03-21,22.84
2023-03-22,23.75
2023-03-23,23.11
2023-03-24,20.62
2023-03-27,19.31
2023-03-28,18.33
2023-03-29,17.17
2023-03-30,17.30
2023-03-31,16.51
2023-04-03,17.03
2023-04-04,17.42
2023-04-05,16.99
2023-04-06,15.68
2023-04-10,16.80
2023-04-11,16.86
2023-04-12,15.90
2023-04-13,14.65
2023-04-14,13.35
2023-04-17,14.51
2023-04-18,14.71
2023-04-19,14.30
2023-04-20,15.13
2023-04-21,14.88
2023-04-24,16.65
2023-04-25,19.08
2023-04-26,19.28
2023-04-27,17.22
2023-04-28,15.53
2023-05-01,16.07
2023-05-02,18.61
2023-05-03,18.49
2023-05-04,19.88
2023-05-05,15.34
2023-05-08,15.24
2023-05-09,16.40
2023-05-10,14.59
2023-05-11,14.49
2023-05-12,14.09
2023-05-15,14.64
2023-05-16,15.99
2023-05-17,14.67
2023-05-18,14.06
2023-05-19,14.25
2023-05-22,15.52
2023-05-23,17.37
2023-05-24,19.77
2023-05-25,18.46
2023-05-26,17.24
2023-05-30,16.51
2023-05-31,16.85
2023-06-01,13.98
2023-06-02,12.74
2023-06-05,14.14
2023-06-06,13.83
2023-06-07,13.86
2023-06-08,13.59
2023-06-09,13.29
2023-06-12,15.35
2023-06-13,14.40
2023-06-14,12.71
2023-06-15,13.58
2023-06-16,11.33
2023-06-20,12.92
2023-06-21,12.03
2023-06-22,11.15
2023-06-23,11.61
2023-06-26,12.68
2023-06-27,12.05
2023-06-28,11.74
2023-06-29,11.75
2023-06-30,11.53
2023-07-03,12.00
2023-07-05,12.57
2023-07-06,13.96
2023-07-07,12.60
2023-07-10,13.50
2023-07-11,13.70
2023-07-12,11.38
2023-07-13,12.13
2023-07-14,11.90
2023-07-17,13.09
2023-07-18,13.15
2023-07-19,13.36
2023-07-20,13.57
2023-07-21,12.50
2023-07-24,13.41
2023-07-25,13.49
2023-07-26,11.74
2023-07-27,13.47
2023-07-28,11.23
2023-07-31,12.62
2023-08-01,13.01
2023-08-02,15.40
2023-08-03,15.06
2023-08-04,16.09
2023-08-07,14.68
2023-08-08,14.81
2023-08-09,15.33
2023-08-10,15.38
2023-08-11,13.63
2023-08-14,14.57
2023-08-15,16.56
2023-08-16,16.36
2023-08-17,17.47
2023-08-18,16.54
2023-08-21,16.82
2023-08-22,16.39
2023-08-23,15.34
2023-08-24,16.10
2023-08-25,13.78
2023-08-28,13.53
2023-08-29,13.30
2023-08-30,12.42
2023-08-31,11.79
2023-09-01,10.45
2023-09-05,12.89
2023-09-06,13.10
2023-09-07,13.10
2023-09-08,12.38
2023-09-11,13.27
2023-09-12,14.05
2023-09-13,12.47
2023-09-14,11.80
2023-09-15,12.51
2023-09-18,13.62
2023-09-19,14.23
2023-09-20,15.27
2023-09-21,18.88
2023-09-22,17.51
2023-09-25,17.56
2023-09-26,19.85
2023-09-27,18.92
2023-09-28,17.63
2023-09-29,17.20
2023-10-02,17.61
2023-10-03,19.90
2023-10-04,18.30
2023-10-05,18.36
2023-10-06,16.29
2023-10-09,17.88
2023-10-10,17.11
2023-10-11,15.17
2023-10-12,15.87
2023-10-13,18.76
2023-10-16,17.19
2023-10-17,17.71
2023-10-18,18.90
2023-10-19,21.46
2023-10-20,20.76
2023-10-23,20.69
2023-10-24,19.31
2023-10-25,20.49
2023-10-26,20.80
2023-10-27,21.36
2023-10-30,20.65
2023-10-31,19.02
2023-11-01,16.87
2023-11-02,15.16
2023-11-03,13.71
2023-11-06,14.53
2023-11-07,14.43
2023-11-08,13.83
2023-11-09,14.70
2023-11-10,12.78
2023-11-13,13.80
2023-11-14,12.87
2023-11-15,11.89
2023-11-16,11.81
2023-11-17,10.67
2023-11-20,11.14
2023-11-21,11.47
2023-11-22,9.96
2023-11-24,9.83
2023-11-27,11.27
2023-11-28,11.52
2023-11-29,12.05
2023-11-30,12.30
2023-12-01,11.98
2023-12-04,13.46
2023-12-05,13.53
2023-12-06,13.67
2023-12-07,13.73
2023-12-08,12.21
2023-12-11,12.68
2023-12-12,11.64
2023-12-13,12.43
2023-12-14,12.29
2023-12-15,10.87
2023-12-18,11.44
2023-12-19,11.25
2023-12-20,13.67
2023-12-21,13.11
2023-12-22,11.56
2023-12-26,12.45
2023-12-27,11.23
2023-12-28,11.23
2023-12-29,10.67
2024-01-02,12.59
2024-01-03,13.24
2024-01-04,13.06
2024-01-05,11.71
2024-01-08,11.70
2024-01-09,11.35
2024-01-10,11.09
2024-01-11,10.75
2024-01-12,10.52
2024-01-16,12.64
2024-01-17,13.32
2024-01-18,12.66
2024-01-19,11.82
2024-01-22,13.18
2024-01-23,12.49
2024-01-24,13.58
2024-01-25,13.74
2024-01-26,13.07
2024-01-29,13.95
2024-01-30,13.72
2024-01-31,14.55
2024-02-01,13.28
2024-02-02,13.04
2024-02-05,13.35
2024-02-06,12.46
2024-02-07,11.96
2024-02-08,11.60
2024-02-09,11.61
2024-02-12,13.03
2024-02-13,15.00
2024-02-14,12.92
2024-02-15,12.47
2024-02-16,12.57
2024-02-20,14.85
2024-02-21,14.65
2024-02-22,13.17
2024-02-23,11.92
2024-02-26,13.13
2024-02-27,12.84
2024-02-28,13.52
2024-02-29,12.48
2024-03-01,11.82
2024-03-04,13.23
2024-03-05,14.88
2024-03-06,14.88
2024-03-07,14.55
2024-03-08,14.63
2024-03-11,16.46
2024-03-12,14.07
2024-03-13,14.10
2024-03-14,14.87
2024-03-15,14.16
2024-03-18,14.50
2024-03-19,13.64
2024-03-20,11.58
2024-03-21,11.17
2024-03-22,10.86
2024-03-25,11.47
2024-03-26,11.59
2024-03-27,10.53
2024-03-28,10.56
2024-04-01,12.62
2024-04-02,14.03
2024-04-03,13.27
2024-04-04,17.14
2024-04-05,15.46
2024-04-08,14.56
2024-04-09,14.70
2024-04-10,15.81
2024-04-11,14.18
2024-04-12,17.33
2024-04-15,20.76
2024-04-16,19.24
2024-04-17,18.10
2024-04-18,17.88
2024-04-19,18.13
2024-04-22,17.45
2024-04-23,16.25
2024-04-24,16.29
2024-04-25,15.81
2024-04-26,14.67
2024-04-29,15.11
2024-04-30,16.66
2024-05-01,15.91
2024-05-02,14.86
2024-05-03,12.00
2024-05-06,13.13
2024-05-07,12.76
2024-05-08,12.48
2024-05-09,11.92
2024-05-10,11.82
2024-05-13,13.71
2024-05-14,13.31
2024-05-15,11.42
2024-05-16,10.96
2024-05-17,9.67
2024-05-20,10.53
2024-05-21,10.08
2024-05-22,11.14
2024-05-23,10.79
2024-05-24,9.19
2024-05-28,11.51
2024-05-29,13.41
2024-05-30,13.67
2024-05-31,11.68
2024-06-03,13.91
2024-06-04,14.28
2024-06-05,13.99
2024-06-06,13.47
2024-06-07,12.33
2024-06-10,12.85
2024-06-11,12.87
2024-06-12,10.40
2024-06-13,10.28
2024-06-14,11.00
2024-06-17,11.94
2024-06-18,11.12
2024-06-20,12.36
2024-06-21,10.96
2024-06-24,11.83
2024-06-25,11.10
2024-06-26,10.51
2024-06-27,10.49
2024-06-28,10.54
2024-07-01,10.93
2024-07-02,10.60
2024-07-03,10.72
2024-07-05,10.81
2024-07-08,11.05
2024-07-09,11.11
2024-07-10,12.00
2024-07-11,11.42
2024-07-12,10.55
2024-07-15,12.18
2024-07-16,11.80
2024-07-17,13.16
2024-07-18,14.90
2024-07-19,15.04
2024-07-22,14.79
2024-07-23,14.61
2024-07-24,19.79
2024-07-25,19.82
2024-07-26,16.81
2024-07-29,17.39
2024-07-30,18.90
2024-07-31,16.51
2024-08-01,19.54
2024-08-02,23.31
2024-08-05,42.79
2024-08-06,28.93
2024-08-07,29.26
2024-08-08,23.90
2024-08-09,20.06
2024-08-12,21.92
2024-08-13,18.57
2024-08-14,15.79
2024-08-15,14.37
2024-08-16,12.97
2024-08-19,14.12
2024-08-20,15.85
2024-08-21,15.65
2024-08-22,16.55
2024-08-23,13.69
2024-08-26,14.87
2024-08-27,14.17
2024-08-28,16.64
2024-08-29,13.73
2024-08-30,12.90
2024-09-03,20.07
2024-09-04,20.43
2024-09-05,19.54
2024-09-06,22.26
2024-09-09,19.67
2024-09-10,19.69
2024-09-11,17.88
2024-09-12,16.75
2024-09-13,15.80
2024-09-16,17.19
2024-09-17,18.09
2024-09-18,17.95
2024-09-19,14.66
2024-09-20,13.20
2024-09-23,14.35
2024-09-24,14.12
2024-09-25,14.24
2024-09-26,14.56
2024-09-27,15.74
2024-09-30,16.65
2024-10-01,19.55
2024-10-02,18.76
2024-10-03,20.41
2024-10-04,16.48
2024-10-07,20.00
2024-10-08,18.00
2024-10-09,16.41
2024-10-10,15.49
2024-10-11,14.33
2024-10-14,14.64
2024-10-15,14.88
2024-10-16,14.25
2024-10-17,13.85
2024-10-18,12.38
2024-10-21,14.39
2024-10-22,14.55
2024-10-23,16.49
2024-10-24,16.67
2024-10-25,18.49
2024-10-28,21.17
2024-10-29,21.77
2024-10-30,23.59
2024-10-31,26.05
2024-11-01,23.47
2024-11-04,25.77
2024-11-05,24.70
2024-11-06,15.85
2024-11-07,13.84
2024-11-08,13.09
2024-11-11,14.00
2024-11-12,13.92
2024-11-13,12.81
2024-11-14,13.13
2024-11-15,14.81
2024-11-18,13.98
2024-11-19,14.24
2024-11-20,15.08
2024-11-21,14.15
2024-11-22,11.46
2024-11-25,12.31
2024-11-26,11.73
2024-11-27,10.75
2024-11-29,10.89
2024-12-02,11.86
2024-12-03,11.87
2024-12-04,11.60
2024-12-05,11.68
2024-12-06,10.38
2024-12-09,12.97
2024-12-10,13.29
2024-12-11,12.04
2024-12-12,11.93
2024-12-13,10.90
2024-12-16,12.06
2024-12-17,13.39
2024-12-18,35.42
2024-12-19,23.72
2024-12-20,15.95
2024-12-23,14.76
2024-12-24,10.89
2024-12-26,11.63
2024-12-27,13.31
2024-12-30,15.81
2024-12-31,15.15
2025-01-02,16.26
2025-01-03,13.44
2025-01-06,14.20
2025-01-07,16.10
2025-01-08,16.15
2025-01-10,17.83
2025-01-13,18.70
2025-01-14,18.15
2025-01-15,13.94
2025-01-16,14.88
2025-01-17,14.13
2025-01-21,14.31
2025-01-22,13.57
2025-01-23,13.42
2025-01-24,12.88
2025-01-27,18.45
2025-01-28,16.64
2025-01-29,16.41
2025-01-30,14.98
2025-01-31,15.85
2025-02-03,19.38
2025-02-04,17.00
2025-02-05,14.88
2025-02-06,14.15
2025-02-07,14.67
2025-02-10,13.76
2025-02-11,13.83
2025-02-12,13.51
2025-02-13,12.31
2025-02-14,11.56
2025-02-18,13.20
2025-02-19,13.06
2025-02-20,13.46
2025-02-21,17.00
2025-02-24,18.30
2025-02-25,19.29
2025-02-26,18.88
2025-02-27,20.95
2025-02-28,18.88
2025-03-03,23.96
2025-03-04,24.79
2025-03-05,22.90
2025-03-06,26.79
2025-03-07,23.79
2025-03-10,31.19
2025-03-11,28.93
2025-03-12,25.26
2025-03-13,25.36
2025-03-14,21.77
2025-03-17,21.30
2025-03-18,22.59
2025-03-19,19.79
2025-03-20,19.46
2025-03-21,18.58
2025-03-24,18.56
2025-03-25,18.01
2025-03-26,19.96
2025-03-27,20.03
2025-03-28,22.69
2025-03-31,25.14
2025-04-01,24.46
2025-04-02,24.29
2025-04-03,34.10
2025-04-04,57.17
2025-04-07,62.58
2025-04-08,67.63
2025-04-09,40.06
2025-04-10,50.43
2025-04-11,43.32
2025-04-14,34.20
2025-04-15,29.94
2025-04-16,33.22
2025-04-17,27.65
2025-04-21,36.56
2025-04-22,33.14
2025-04-23,30.74
2025-04-24,28.28
2025-04-25,24.64
2025-04-28,26.47
2025-04-29,24.95
2025-04-30,25.07
2025-05-01,24.82
2025-05-02,21.22
2025-05-05,22.73
2025-05-06,24.14
2025-05-07,22.69
2025-05-08,21.63
2025-05-09,20.87
2025-05-12,17.97
2025-05-13,17.41
2025-05-14,17.53
2025-05-15,15.88
2025-05-16,14.35
2025-05-19,16.81
2025-05-20,16.57
2025-05-21,19.56
2025-05-22,18.42
2025-05-23,20.63
2025-05-27,17.90
2025-05-28,18.19
2025-05-29,17.84
2025-05-30,16.74
2025-06-02,17.64
2025-06-03,16.62
2025-06-04,16.04
2025-06-05,17.34
2025-06-06,14.20
2025-06-09,15.38
2025-06-10,15.16
2025-06-11,15.42
2025-06-12,16.12
2025-06-13,19.26
2025-06-16,17.87
2025-06-17,21.86
2025-06-18,19.13
2025-06-20,18.32
2025-06-23,17.92
2025-06-24,15.40
2025-06-25,13.81
2025-06-26,13.49
2025-06-27,12.81
2025-06-30,13.77
2025-07-01,13.79
2025-07-02,13.07
2025-07-03,12.85
2025-07-07,15.71
2025-07-08,13.90
2025-07-09,12.53
2025-07-10,12.46
2025-07-11,13.03
2025-07-14,14.27
2025-07-15,14.69
2025-07-16,13.77
2025-07-17,13.14
2025-07-18,12.70
2025-07-21,14.95
2025-07-22,15.03
2025-07-23,14.05
2025-07-24,14.08
2025-07-25,12.83
2025-07-28,13.37
2025-07-29,14.62
2025-07-30,13.46
2025-07-31,15.15
2025-08-01,19.53
2025-08-04,16.43
2025-08-05,16.81
2025-08-06,15.00
2025-08-07,14.76
2025-08-08,12.86
2025-08-11,15.75
2025-08-12,13.11
2025-08-13,12.38
2025-08-14,12.98
2025-08-15,13.27
2025-08-18,13.79
2025-08-19,14.70
2025-08-20,15.09
2025-08-21,16.37
2025-08-22,11.85
2025-08-25,13.01
2025-08-26,12.91
2025-08-27,13.27
2025-08-28,11.68
2025-08-29,12.72
2025-09-02,16.17
2025-09-03,14.45
2025-09-04,13.32
2025-09-05,12.66
2025-09-08,13.50
2025-09-09,13.61
2025-09-10,14.29
2025-09-11,12.99
2025-09-12,12.85
2025-09-15,14.71
2025-09-16,15.79
2025-09-17,14.53
2025-09-18,13.53
2025-09-19,12.41
2025-09-22,14.25
2025-09-23,14.67
2025-09-24,13.39
2025-09-25,14.17
2025-09-26,12.27
2025-09-29,13.51
2025-09-30,13.95
2025-10-01,13.53
2025-10-02,13.79
2025-10-03,13.47
2025-10-06,13.57
2025-10-07,14.99
2025-10-08,13.17
2025-10-09,13.92
2025-10-10,21.70
2025-10-13,18.02
2025-10-14,20.38
2025-10-15,19.28
2025-10-16,25.87
2025-10-17,19.80
2025-10-20,17.35
2025-10-21,16.88
2025-10-22,18.35
2025-10-23,16.62
2025-10-24,14.85
2025-10-27,14.64
2025-10-28,15.63
2025-10-29,15.61
2025-10-30,14.90
2025-10-31,14.71
2025-11-03,14.97
2025-11-04,17.75
2025-11-05,15.87
2025-11-06,18.12
2025-11-07,17.31
2025-11-10,16.04
2025-11-11,15.18
2025-11-12,15.37
2025-11-13,19.17
2025-11-14,18.61
2025-11-17,22.33
2025-11-18,25.18
2025-11-19,23.10
2025-11-20,26.35
2025-11-21,21.51
2025-11-24,18.55
2025-11-25,15.39
2025-11-26,13.33
2025-11-28,13.61
2025-12-01,16.55
2025-12-02,15.42
2025-12-03,14.46
2025-12-04,14.30
2025-12-05,13.90
2025-12-08,16.29
2025-12-09,16.30
2025-12-10,14.68
2025-12-11,12.46
2025-12-12,13.48
2025-12-15,14.20
2025-12-16,13.88
2025-12-17,15.75
2025-12-18,13.92
2025-12-19,10.49
2025-12-22,10.50
2025-12-23,10.06
2025-12-24,9.17
2025-12-26,9.65
2025-12-29,11.37
2025-12-30,11.46
2025-12-31,12.00
2026-01-02,11.72
2026-01-05,12.44
2026-01-06,12.13
2026-01-07,12.54
2026-01-08,12.83
2026-01-09,10.86
2026-01-12,11.94
2026-01-13,12.51
2026-01-14,13.18
2026-01-15,12.32
2026-01-16,12.09
2026-01-20,19.93
2026-01-21,15.88
2026-01-22,14.38
2026-01-23,15.00
2026-01-26,15.05
2026-01-27,14.85
2026-01-28,14.54
2026-01-29,15.22
2026-01-30,15.69
2026-02-02,14.45
2026-02-03,17.07
2026-02-04,18.67
2026-02-05,22.29
2026-02-06,15.43
2026-02-09,14.75
2026-02-10,14.94
2026-02-11,14.18
2026-02-12,19.80
2026-02-13,18.77
2026-02-17,20.31
2026-02-18,19.08
2026-02-19,19.87
2026-02-20,18.02
2026-02-23,21.11
2026-02-24,18.60
2026-02-25,16.28
2026-02-26,16.65
2026-02-27,18.59
2026-03-02,21.18
2026-03-03,24.55
2026-03-04,20.60
2026-03-05,23.55
2026-03-06,30.44
2026-03-09,27.85
2026-03-10,25.54
2026-03-11,24.44
2026-03-12,28.98
2026-03-13,28.00
2026-03-16,24.33
2026-03-17,22.36
2026-03-18,26.03
2026-03-19,24.09
2026-03-20,26.95
2026-03-23,27.76
2026-03-24,28.21
2026-03-25,25.26
2026-03-26,27.05
2026-03-27,30.64
2026-03-30,30.57
2026-03-31,24.18
2026-04-01,23.61
2026-04-02,21.71
2026-04-06,23.90
2026-04-07,27.27
2026-04-08,19.16
2026-04-09,16.81
2026-04-10,16.36
2026-04-13,17.33
2026-04-14,16.70
2026-04-15,16.01
2026-04-16,15.46
2026-04-17,14.81
2026-04-20,17.79
2026-04-21,18.68
2026-04-22,17.29
2026-04-23,18.04
2026-04-24,16.71
2026-04-27,16.69
2026-04-28,16.69
2026-04-29,17.61
2026-04-30,14.37
2026-05-01,14.15
2026-05-04,16.60
2026-05-05,14.64
2026-05-06,14.76
2026-05-07,14.56
2026-05-08,14.21
2026-05-11,16.89
2026-05-12,16.34
2026-05-13,15.87
2026-05-14,15.14
2026-05-15,16.37
2026-05-18,16.86
2026-05-19,16.64
2026-05-20,15.14
2026-05-21,14.08
2026-05-22,14.07
2026-05-26,14.84
2026-05-27,13.27
2026-05-28,12.98
2026-05-29,12.59
2026-06-01,13.76
2026-06-02,13.19
2026-06-03,13.41
2026-06-04,12.65
2026-06-05,23.92
2026-06-08,19.69
2026-06-09,22.14
2026-06-10,25.67
2026-06-11,20.66
2026-06-12,17.26
2026-06-15,15.58
2026-06-16,15.77
2026-06-17,18.63
2026-06-18,13.93
2026-06-22,16.29
2026-06-23,19.47
2026-06-24,18.07
2026-06-25,17.92
2026-06-26,16.80
2026-06-29,15.51
2026-06-30,13.73
2026-07-01,13.14
2026-07-02,12.37
2026-07-06,12.32
2026-07-07,13.42
2026-07-08,14.41
2026-07-09,12.50
2026-07-10,11.15
2026-07-13,15.13
2026-07-14,13.46
2026-07-15,12.06
2026-07-16,13.98
2026-07-17,16.85
2026-07-20,17.78
2026-07-21,15.48
2026-07-22,14.88
2026-07-23,18.15
2026-07-24,17.62
2026-07-27,18.13
2026-07-28,17.25
2026-07-29,20.38
2026-07-30,14.85
2026-07-31,13.05
